-- Generation time: Mon, 01 Jun 2020 00:16:45 +0000
-- Host: mysql.hostinger.ro
-- DB name: u574849695_25
/*!40030 SET NAMES UTF8 */;
/*!40101 SET @OLD_CHARACTER_SET_CLIENT=@@CHARACTER_SET_CLIENT */;
/*!40101 SET @OLD_CHARACTER_SET_RESULTS=@@CHARACTER_SET_RESULTS */;
/*!40101 SET @OLD_COLLATION_CONNECTION=@@COLLATION_CONNECTION */;
/*!40103 SET @OLD_TIME_ZONE=@@TIME_ZONE */;
/*!40103 SET TIME_ZONE='+00:00' */;
/*!40014 SET @OLD_UNIQUE_CHECKS=@@UNIQUE_CHECKS, UNIQUE_CHECKS=0 */;
/*!40014 SET @OLD_FOREIGN_KEY_CHECKS=@@FOREIGN_KEY_CHECKS, FOREIGN_KEY_CHECKS=0 */;
/*!40101 SET @OLD_SQL_MODE=@@SQL_MODE, SQL_MODE='NO_AUTO_VALUE_ON_ZERO' */;
/*!40111 SET @OLD_SQL_NOTES=@@SQL_NOTES, SQL_NOTES=0 */;

DROP TABLE IF EXISTS `communities`;
CREATE TABLE `communities` (
  `id` bigint(20) unsigned NOT NULL AUTO_INCREMENT,
  `name` varchar(150) COLLATE utf8_unicode_ci DEFAULT NULL,
  PRIMARY KEY (`id`),
  KEY `communities_name_idx` (`name`)
) ENGINE=InnoDB AUTO_INCREMENT=301 DEFAULT CHARSET=utf8 COLLATE=utf8_unicode_ci;

INSERT INTO `communities` VALUES ('38','ab'),
('143','ab'),
('196','ab'),
('249','ab'),
('91','accusamus'),
('166','accusantium'),
('112','ad'),
('138','ad'),
('139','ad'),
('157','ad'),
('248','ad'),
('254','ad'),
('80','adipisci'),
('277','adipisci'),
('294','adipisci'),
('163','amet'),
('69','animi'),
('70','animi'),
('223','animi'),
('25','aperiam'),
('57','aperiam'),
('140','aperiam'),
('243','aperiam'),
('291','architecto'),
('203','asperiores'),
('28','aspernatur'),
('53','aspernatur'),
('159','aspernatur'),
('96','assumenda'),
('269','assumenda'),
('271','assumenda'),
('186','at'),
('252','at'),
('261','at'),
('102','atque'),
('90','aut'),
('100','aut'),
('131','aut'),
('183','aut'),
('189','aut'),
('281','autem'),
('84','commodi'),
('290','commodi'),
('170','consectetur'),
('242','consectetur'),
('258','consectetur'),
('58','consequatur'),
('204','consequatur'),
('126','corrupti'),
('168','culpa'),
('256','culpa'),
('233','cum'),
('64','cumque'),
('122','delectus'),
('26','deleniti'),
('43','deleniti'),
('232','deleniti'),
('35','deserunt'),
('177','deserunt'),
('200','dicta'),
('167','dignissimos'),
('275','dolor'),
('296','dolor'),
('293','dolore'),
('63','dolorem'),
('210','dolorem'),
('66','doloremque'),
('78','doloremque'),
('208','doloremque'),
('268','doloremque'),
('71','doloribus'),
('37','dolorum'),
('156','ducimus'),
('17','ea'),
('108','ea'),
('211','ea'),
('142','eaque'),
('221','eaque'),
('174','eligendi'),
('220','eligendi'),
('42','enim'),
('54','enim'),
('175','enim'),
('164','eos'),
('288','eos'),
('284','error'),
('73','esse'),
('136','esse'),
('158','esse'),
('31','est'),
('59','est'),
('99','est'),
('132','est'),
('134','est'),
('182','est'),
('217','est'),
('245','est'),
('260','est'),
('7','et'),
('19','et'),
('45','et'),
('106','et'),
('118','et'),
('119','et'),
('125','et'),
('144','et'),
('178','et'),
('197','et'),
('199','et'),
('213','et'),
('224','et'),
('226','et'),
('241','et'),
('282','et'),
('295','et'),
('12','eum'),
('279','eum'),
('181','eveniet'),
('83','exercitationem'),
('110','exercitationem'),
('206','exercitationem'),
('230','expedita'),
('8','explicabo'),
('15','facere'),
('219','fuga'),
('27','fugiat'),
('253','fugit'),
('274','fugit'),
('184','harum'),
('154','hic'),
('128','id'),
('150','id'),
('111','illo'),
('240','illo'),
('161','illum'),
('180','in'),
('276','in'),
('101','incidunt'),
('21','inventore'),
('173','ipsam'),
('218','ipsum'),
('29','iure'),
('34','iure'),
('92','iusto'),
('127','iusto'),
('193','iusto'),
('121','labore'),
('280','labore'),
('44','laboriosam'),
('215','laboriosam'),
('72','laborum'),
('105','laudantium'),
('262','laudantium'),
('272','libero'),
('231','magni'),
('5','maxime'),
('40','maxime'),
('86','maxime'),
('263','minima'),
('244','modi'),
('283','modi'),
('124','molestiae'),
('179','molestiae'),
('287','molestiae'),
('41','molestias'),
('60','mollitia'),
('300','mollitia'),
('239','natus'),
('103','necessitatibus'),
('93','nemo'),
('32','nesciunt'),
('48','nesciunt'),
('61','nihil'),
('75','nihil'),
('225','nihil'),
('257','nobis'),
('47','non'),
('109','non'),
('113','non'),
('169','non'),
('216','non'),
('117','nostrum'),
('267','nulla'),
('236','occaecati'),
('270','occaecati'),
('190','odio'),
('198','odio'),
('278','odio'),
('18','odit'),
('202','odit'),
('222','odit'),
('30','officiis'),
('120','officiis'),
('172','officiis'),
('214','officiis'),
('87','omnis'),
('259','omnis'),
('39','pariatur'),
('165','pariatur'),
('251','perferendis'),
('286','perferendis'),
('65','perspiciatis'),
('74','placeat'),
('77','porro'),
('162','porro'),
('187','porro'),
('229','porro'),
('51','possimus'),
('88','provident'),
('82','quam'),
('133','quas'),
('94','quasi'),
('227','quasi'),
('1','qui'),
('14','qui'),
('20','qui'),
('148','qui'),
('234','qui'),
('67','quia'),
('97','quia'),
('264','quia'),
('135','quibusdam'),
('235','quibusdam'),
('16','quidem'),
('98','quis'),
('185','quisquam'),
('191','quisquam'),
('46','quo'),
('209','quo'),
('299','quod'),
('123','quos'),
('152','quos'),
('6','repellat'),
('85','repellat'),
('160','repellendus'),
('273','repellendus'),
('89','reprehenderit'),
('9','repudiandae'),
('10','repudiandae'),
('188','repudiandae'),
('205','repudiandae'),
('68','rerum'),
('149','rerum'),
('151','rerum'),
('155','rerum'),
('292','rerum'),
('114','saepe'),
('297','saepe'),
('22','sed'),
('153','sed'),
('207','sed'),
('265','sed'),
('23','sequi'),
('3','sint'),
('176','sint'),
('289','sint'),
('298','sint'),
('55','sit'),
('285','sit'),
('52','soluta'),
('81','soluta'),
('116','soluta'),
('95','suscipit'),
('192','suscipit'),
('137','tempora'),
('195','tempora'),
('201','tempora'),
('146','tempore'),
('2','temporibus'),
('194','temporibus'),
('36','tenetur'),
('62','tenetur'),
('50','totam'),
('56','ullam'),
('130','ullam'),
('79','unde'),
('33','ut'),
('129','ut'),
('145','ut'),
('266','vel'),
('11','velit'),
('24','velit'),
('171','velit'),
('141','veritatis'),
('228','vitae'),
('49','voluptas'),
('147','voluptas'),
('212','voluptas'),
('107','voluptate'),
('238','voluptate'),
('4','voluptatem'),
('13','voluptatem'),
('76','voluptatem'),
('104','voluptatem'),
('115','voluptatem'),
('246','voluptatem'),
('247','voluptatem'),
('250','voluptatem'),
('255','voluptatem'),
('237','voluptatum'); 


DROP TABLE IF EXISTS `friend_requests`;
CREATE TABLE `friend_requests` (
  `initiator_user_id` bigint(20) unsigned NOT NULL,
  `target_user_id` bigint(20) unsigned NOT NULL,
  `status` enum('requested','approved','unfriended','declined') COLLATE utf8_unicode_ci DEFAULT NULL,
  `requested_at` datetime DEFAULT current_timestamp(),
  `confirmed_at` datetime DEFAULT NULL,
  PRIMARY KEY (`initiator_user_id`,`target_user_id`),
  KEY `initiator_user_id` (`initiator_user_id`),
  KEY `target_user_id` (`target_user_id`),
  CONSTRAINT `friend_requests_ibfk_1` FOREIGN KEY (`initiator_user_id`) REFERENCES `users` (`id`),
  CONSTRAINT `friend_requests_ibfk_2` FOREIGN KEY (`target_user_id`) REFERENCES `users` (`id`)
) ENGINE=InnoDB DEFAULT CHARSET=utf8 COLLATE=utf8_unicode_ci;

INSERT INTO `friend_requests` VALUES ('1','354','declined','1997-12-21 20:18:21','2003-11-20 00:06:55'),
('2','10','declined','1990-11-12 14:44:56','1996-02-24 13:06:55'),
('4','190','requested','1979-12-01 07:58:15','1974-12-23 00:53:02'),
('4','262','declined','1977-03-15 09:37:13','1976-09-22 23:30:09'),
('6','289','unfriended','1987-05-25 16:10:39','1980-08-29 06:26:01'),
('6','449','requested','1971-04-11 05:25:00','2007-12-17 20:10:18'),
('11','34','requested','2011-01-22 10:11:39','2010-09-25 09:00:27'),
('11','416','declined','1993-08-04 19:56:41','1980-02-03 22:06:04'),
('11','452','approved','1980-08-25 16:24:02','2018-04-28 03:57:10'),
('13','369','approved','1974-11-11 03:59:20','2018-01-01 12:36:10'),
('18','152','declined','1970-08-28 03:01:09','2020-01-29 03:11:26'),
('18','249','approved','1974-10-26 23:21:40','2010-07-24 00:22:32'),
('20','401','requested','1984-12-30 02:15:52','2007-05-15 05:33:53'),
('22','177','requested','1972-03-27 17:05:16','1974-07-07 21:23:23'),
('23','59','declined','2015-03-01 06:00:05','1974-05-31 22:19:32'),
('24','7','requested','2003-07-21 01:31:33','2015-11-19 02:46:00'),
('24','43','requested','1998-12-31 01:51:05','2012-10-10 22:04:36'),
('28','235','unfriended','2017-03-08 13:13:15','2001-04-05 00:36:28'),
('28','238','approved','1995-05-21 16:19:24','1976-07-05 15:12:08'),
('28','299','requested','1991-07-03 20:54:10','2014-06-25 07:07:23'),
('30','6','unfriended','1978-10-15 06:59:12','1997-04-02 07:41:20'),
('33','176','approved','2014-11-24 04:55:36','1981-04-19 05:22:00'),
('33','203','unfriended','2009-03-05 23:23:54','1976-12-29 15:22:19'),
('34','254','requested','2018-01-10 15:56:20','2001-07-13 12:13:46'),
('42','432','declined','1973-01-09 04:11:15','2012-10-11 05:17:07'),
('43','310','declined','1971-11-19 04:50:16','1987-12-15 10:29:43'),
('45','121','requested','1974-06-06 12:03:07','1980-08-01 17:33:08'),
('46','260','approved','1976-02-03 13:16:44','1995-03-13 02:13:56'),
('47','447','requested','2016-07-23 22:29:29','2011-03-13 06:43:07'),
('48','58','approved','2013-12-03 01:46:48','2006-12-11 16:59:46'),
('49','234','approved','2007-01-08 04:34:29','2009-08-21 03:45:46'),
('57','86','unfriended','1986-04-04 04:25:59','1986-05-24 19:24:13'),
('62','315','declined','1977-02-19 14:27:51','1985-06-07 11:16:15'),
('62','387','unfriended','2002-02-01 08:32:02','1978-08-21 13:26:55'),
('65','195','unfriended','2010-08-18 10:34:28','1973-01-23 14:16:13'),
('66','469','unfriended','2006-12-21 09:19:56','2005-07-19 22:21:35'),
('73','349','declined','2013-06-03 03:50:40','1986-12-09 06:38:23'),
('74','444','unfriended','1976-06-30 02:53:34','1984-02-05 06:08:23'),
('77','222','requested','1978-05-30 07:34:21','2019-08-02 01:50:38'),
('80','55','approved','1994-06-16 18:12:27','1999-04-08 03:39:15'),
('80','440','requested','1977-12-31 00:55:36','2013-02-06 21:32:46'),
('81','122','declined','1993-04-16 05:31:12','2013-11-01 22:17:52'),
('85','443','approved','1997-07-03 00:49:10','1994-06-10 16:53:45'),
('87','143','declined','2010-03-31 04:47:16','1983-04-16 21:04:46'),
('90','444','approved','1994-05-03 09:19:35','2009-03-16 15:59:22'),
('94','90','declined','2017-03-23 19:50:23','1986-06-02 17:00:42'),
('94','254','declined','2000-11-06 03:04:56','1996-03-26 14:08:17'),
('95','336','approved','2018-03-07 03:34:12','1996-05-21 06:40:43'),
('96','283','approved','1977-04-30 18:51:21','1977-01-08 18:55:38'),
('99','148','approved','2009-02-03 17:37:18','1982-07-12 12:04:03'),
('100','302','requested','2006-07-09 20:08:27','1980-04-20 02:09:19'),
('114','54','declined','1996-07-24 23:51:48','1977-09-24 03:39:08'),
('116','88','unfriended','1982-11-23 19:48:43','1988-11-16 07:14:30'),
('120','208','declined','2013-11-17 15:27:49','2012-07-06 00:26:32'),
('121','439','unfriended','2005-11-12 16:56:09','1981-04-11 12:01:31'),
('122','262','requested','1973-07-19 08:53:19','2006-08-04 09:59:52'),
('124','374','unfriended','1973-12-11 15:50:26','1975-12-01 06:37:18'),
('125','340','requested','2014-02-16 07:44:15','2001-06-28 01:32:09'),
('131','276','approved','1999-10-15 08:21:50','1973-04-12 12:43:21'),
('131','285','declined','2014-05-02 03:55:34','2004-05-11 12:51:16'),
('133','267','requested','2003-02-10 13:39:03','1994-02-02 08:47:09'),
('135','114','unfriended','1986-09-23 20:30:16','1999-03-25 12:25:42'),
('135','326','requested','2011-01-05 21:51:11','1992-06-07 14:30:12'),
('137','59','requested','1988-02-15 08:43:24','1972-08-26 22:23:49'),
('139','354','unfriended','2002-06-24 01:47:41','1974-06-04 20:36:01'),
('143','124','requested','2019-06-06 06:10:26','1994-07-05 13:02:12'),
('144','114','declined','2018-10-23 13:25:23','2007-01-28 10:12:04'),
('155','92','approved','1970-05-26 12:34:01','1971-06-08 06:43:58'),
('156','388','requested','1985-05-11 04:49:55','1984-05-02 07:28:40'),
('161','86','approved','2013-07-10 11:47:29','1996-09-15 01:24:47'),
('161','285','requested','2019-06-04 09:44:35','2009-08-19 18:05:09'),
('163','234','approved','1992-10-31 16:59:49','2000-08-16 13:20:12'),
('166','389','approved','2015-08-09 07:44:30','2018-07-15 20:23:57'),
('169','496','declined','2011-06-11 11:56:55','1987-05-12 16:40:24'),
('173','334','requested','1985-06-08 09:53:14','2001-10-17 20:24:01'),
('175','85','declined','2008-09-12 18:23:14','1990-09-29 20:52:55'),
('176','146','approved','1972-05-10 09:15:09','1979-10-14 00:34:53'),
('176','441','declined','2008-04-11 03:24:01','1998-06-04 16:21:24'),
('181','130','unfriended','1999-09-15 20:50:53','2011-12-27 06:38:11'),
('182','153','approved','1988-06-26 00:07:52','2016-05-29 12:04:22'),
('182','301','declined','2014-11-02 20:47:45','2005-06-30 18:15:48'),
('190','131','unfriended','1985-09-30 01:17:00','1996-07-16 10:06:24'),
('192','335','declined','1999-01-24 00:43:05','1974-03-09 19:07:26'),
('198','191','unfriended','1987-05-17 04:58:16','2001-04-06 02:28:31'),
('199','78','declined','2005-10-13 13:59:38','1978-09-07 22:30:23'),
('204','168','requested','1991-12-08 07:41:36','1992-05-25 16:47:47'),
('205','32','approved','2000-06-28 10:29:40','1972-10-16 13:33:29'),
('209','9','requested','1970-03-03 04:17:00','1978-09-17 15:03:37'),
('219','177','requested','1972-08-20 05:59:00','1996-01-21 19:14:17'),
('220','140','unfriended','2014-11-15 19:51:10','1991-07-18 19:13:22'),
('220','443','approved','1975-09-17 19:03:17','2003-08-07 07:23:09'),
('225','105','unfriended','1998-06-14 16:31:03','2013-04-16 17:37:48'),
('229','364','requested','2011-08-29 04:09:03','2012-02-11 01:11:38'),
('233','432','requested','1992-01-16 05:41:32','2004-03-10 00:00:04'),
('242','338','declined','1973-02-09 13:40:02','2000-12-10 20:41:22'),
('244','3','declined','1980-06-13 13:34:17','1996-06-17 01:02:42'),
('244','35','approved','2007-03-01 13:44:05','1973-12-04 02:12:42'),
('244','495','unfriended','1978-09-02 13:34:57','1997-04-27 15:55:16'),
('245','101','unfriended','1999-11-11 17:10:25','2001-03-17 18:44:15'),
('245','271','approved','1984-10-05 02:56:33','2009-06-30 12:11:23'),
('249','233','declined','2004-04-10 12:22:40','1984-09-09 20:27:33'),
('251','156','requested','1990-01-23 02:37:18','1982-09-05 06:35:13'),
('251','423','declined','2003-06-06 04:54:33','2000-04-02 16:59:59'),
('252','222','declined','1992-06-07 09:43:09','1979-02-15 08:36:46'),
('253','280','unfriended','1987-03-16 01:07:48','2011-05-07 06:23:19'),
('257','177','declined','2009-05-11 08:01:07','2004-06-02 19:42:29'),
('260','149','declined','2009-09-23 04:48:05','1984-09-16 13:02:08'),
('262','174','requested','2007-08-06 18:11:57','2012-12-10 19:52:07'),
('264','197','declined','2015-09-10 02:58:59','1977-07-27 08:26:09'),
('266','422','declined','1992-05-18 22:03:42','1974-05-27 23:13:55'),
('272','343','requested','2005-08-05 16:20:26','2007-05-15 23:26:52'),
('277','106','unfriended','1991-05-10 05:49:39','1999-09-17 13:15:26'),
('277','267','approved','2017-08-18 03:31:29','1992-10-19 01:58:28'),
('277','399','requested','2017-05-23 16:32:46','2018-01-03 23:37:37'),
('278','223','approved','2011-06-28 21:53:23','1988-11-24 03:39:03'),
('279','140','unfriended','1974-12-14 13:41:18','2001-11-21 09:34:13'),
('280','482','declined','2013-01-28 23:09:57','2011-09-25 03:49:27'),
('281','203','unfriended','1975-11-21 04:06:37','2018-11-13 18:51:11'),
('282','373','requested','1986-01-24 01:49:57','1986-12-19 09:05:43'),
('285','43','requested','1981-09-11 12:06:27','1971-03-08 13:22:48'),
('288','205','declined','1995-08-14 01:03:28','1978-02-01 21:38:15'),
('290','248','approved','1971-09-05 08:20:07','1984-11-03 08:58:09'),
('293','143','requested','1997-07-17 18:33:26','2018-06-22 08:30:29'),
('294','252','unfriended','2017-02-26 21:51:20','1975-04-23 02:44:06'),
('296','296','unfriended','1994-04-02 11:45:13','2003-05-29 09:34:46'),
('297','297','unfriended','2007-11-08 07:30:49','1983-02-25 03:30:18'),
('300','218','unfriended','2012-08-07 20:02:32','1982-07-15 11:55:21'),
('307','30','declined','2014-06-28 15:29:58','2016-09-29 22:53:20'),
('307','488','requested','1993-03-25 17:09:20','1986-01-17 12:27:33'),
('316','262','approved','1988-10-29 19:59:18','1992-10-05 09:38:08'),
('318','291','unfriended','1979-02-21 04:13:34','2013-03-06 00:29:44'),
('320','269','approved','1978-06-28 15:29:04','1976-12-07 21:49:21'),
('322','219','approved','2010-04-21 06:54:17','2019-12-12 16:33:02'),
('325','328','declined','2005-02-09 13:51:27','1987-05-18 01:43:13'),
('328','372','requested','1982-10-29 06:54:15','2013-12-05 15:22:57'),
('335','294','requested','1973-07-19 18:36:27','1996-11-08 02:46:22'),
('337','251','approved','2004-02-29 11:31:09','2015-04-29 19:31:47'),
('339','326','requested','2005-12-20 10:10:04','1972-10-05 15:06:03'),
('339','351','approved','1988-03-21 18:56:33','2001-09-28 08:06:15'),
('342','369','declined','1975-01-04 22:07:53','2006-06-16 01:41:04'),
('346','125','requested','1980-07-22 03:27:59','1995-03-17 15:27:58'),
('350','365','requested','1993-12-27 05:10:22','1987-06-26 17:33:17'),
('360','258','requested','1997-07-26 15:49:32','2015-11-06 16:51:42'),
('362','123','unfriended','1984-07-14 22:10:36','2008-12-28 09:19:50'),
('366','84','declined','2014-04-30 21:11:28','1977-09-24 03:33:51'),
('366','353','requested','1985-08-07 16:59:31','1987-11-24 02:01:53'),
('369','474','unfriended','1980-08-07 04:14:54','1984-12-08 05:22:47'),
('374','171','declined','2016-08-06 22:47:34','1980-01-08 07:23:10'),
('377','268','declined','2013-06-14 01:06:25','2019-05-28 16:18:23'),
('379','449','declined','1983-02-21 21:22:19','1974-04-09 09:22:07'),
('380','99','declined','2009-07-02 19:29:05','1982-06-01 05:53:45'),
('385','36','declined','1997-10-10 14:52:33','2011-05-21 16:12:04'),
('386','308','unfriended','1989-11-24 02:55:52','1985-03-24 09:42:34'),
('390','213','requested','1994-01-02 19:29:13','2014-12-05 00:30:46'),
('392','143','unfriended','2009-04-15 22:10:09','2004-12-28 08:06:36'),
('394','412','unfriended','1991-05-17 04:40:56','2002-07-10 06:36:15'),
('397','12','declined','2016-07-23 13:37:26','2015-04-27 04:02:40'),
('398','396','approved','1976-03-17 23:15:30','2015-10-13 16:54:00'),
('402','117','declined','1984-01-04 10:51:04','1997-07-02 05:23:16'),
('403','52','declined','2000-01-10 17:08:29','1977-08-25 04:34:49'),
('405','429','unfriended','1980-05-07 11:52:18','1988-06-23 16:27:09'),
('406','42','approved','1972-11-07 04:45:07','1987-09-07 04:31:05'),
('414','412','approved','1994-09-07 08:49:26','1986-09-19 21:07:25'),
('415','173','unfriended','1990-11-07 08:50:02','1972-02-21 02:55:26'),
('419','75','declined','1996-06-06 23:58:51','1989-03-03 11:23:33'),
('420','45','declined','2014-07-20 11:31:12','2004-10-03 18:58:50'),
('422','267','approved','1990-11-16 01:11:56','1991-10-10 01:44:53'),
('430','452','unfriended','1971-11-16 20:16:56','1999-07-09 13:31:36'),
('431','26','unfriended','2010-01-31 03:16:05','1996-08-07 11:50:00'),
('437','223','unfriended','1974-03-23 05:45:02','1970-01-28 02:11:12'),
('439','181','approved','1979-12-16 05:04:03','2007-08-09 08:12:48'),
('439','310','unfriended','1972-05-07 04:02:13','2019-03-13 14:01:43'),
('441','354','unfriended','2007-10-19 02:47:26','1983-09-15 17:58:24'),
('441','475','requested','2020-02-06 19:20:33','1984-06-13 07:46:53'),
('444','154','approved','1971-02-06 15:09:58','1998-11-14 16:47:27'),
('445','154','declined','2000-08-28 06:43:46','1983-06-25 22:59:32'),
('453','348','approved','1994-01-03 14:20:40','1984-07-23 09:14:44'),
('460','247','unfriended','1983-10-15 08:11:14','2010-04-22 08:32:11'),
('461','34','declined','2006-02-18 19:19:58','1991-12-01 16:31:30'),
('462','204','declined','1991-04-03 04:12:24','1999-11-19 15:38:34'),
('462','284','unfriended','1984-03-18 01:14:25','1972-01-21 04:09:18'),
('464','30','unfriended','2018-02-19 21:41:55','1992-12-18 20:30:47'),
('464','234','approved','2005-06-14 21:35:47','1982-06-18 06:17:14'),
('464','333','declined','1979-03-13 20:04:01','1991-10-05 19:50:34'),
('464','342','unfriended','2004-03-19 06:45:08','1972-07-29 02:49:02'),
('466','148','approved','1989-10-09 21:50:56','1974-02-28 14:08:31'),
('467','169','approved','1972-06-27 22:03:15','2004-11-26 05:51:18'),
('469','51','approved','2000-06-13 20:00:24','1979-08-29 14:38:38'),
('473','32','requested','1996-02-21 19:27:25','1984-06-12 05:06:11'),
('474','277','unfriended','1990-08-29 13:39:53','2016-11-30 21:12:54'),
('475','369','unfriended','1994-07-16 19:15:25','1978-06-21 07:52:09'),
('477','164','approved','1989-08-18 21:02:18','1980-08-23 18:25:09'),
('478','17','approved','1975-06-27 16:30:12','1976-11-21 16:15:20'),
('482','394','unfriended','1977-07-22 18:36:24','1976-11-20 02:45:53'),
('486','21','unfriended','1984-03-14 05:40:56','2016-08-07 22:47:31'),
('489','3','requested','1986-12-02 09:17:45','2001-07-17 13:47:19'),
('490','95','unfriended','2003-03-30 08:47:33','1983-10-19 11:48:53'),
('491','330','approved','1988-06-03 12:02:44','1985-11-20 19:10:27'),
('493','3','requested','2005-09-19 02:53:12','1999-02-13 03:49:47'),
('500','46','approved','1983-09-19 12:04:30','1998-06-21 13:14:02'); 


DROP TABLE IF EXISTS `likes`;
CREATE TABLE `likes` (
  `like_from_user_id` bigint(20) unsigned NOT NULL,
  `like_to_user_id` bigint(20) unsigned NOT NULL,
  `like_given_at` datetime DEFAULT current_timestamp(),
  PRIMARY KEY (`like_from_user_id`,`like_to_user_id`),
  KEY `like_from_user_id` (`like_from_user_id`),
  KEY `like_to_user_id` (`like_to_user_id`),
  CONSTRAINT `likes_ibfk_1` FOREIGN KEY (`like_from_user_id`) REFERENCES `users` (`id`),
  CONSTRAINT `likes_ibfk_2` FOREIGN KEY (`like_to_user_id`) REFERENCES `users` (`id`)
) ENGINE=InnoDB DEFAULT CHARSET=utf8 COLLATE=utf8_unicode_ci;

INSERT INTO `likes` VALUES ('5','348','1987-02-07 00:23:38'),
('8','380','1985-07-03 11:30:22'),
('9','27','2009-11-14 18:53:20'),
('9','334','2002-09-02 07:02:55'),
('9','377','1991-10-25 16:18:28'),
('10','284','2020-04-18 03:50:56'),
('12','273','1979-02-05 22:38:37'),
('13','186','1991-11-07 13:48:40'),
('16','318','1978-07-31 00:00:22'),
('16','343','2004-11-21 18:58:25'),
('17','444','1976-05-14 03:22:08'),
('18','292','1981-05-30 08:51:26'),
('21','37','1997-04-21 14:30:58'),
('21','38','1972-04-28 20:53:51'),
('21','415','1982-10-05 17:08:09'),
('22','257','1977-11-15 01:35:37'),
('23','7','1981-01-01 12:05:10'),
('24','291','1998-02-10 19:21:49'),
('25','2','1980-03-15 09:55:18'),
('26','25','1980-08-02 06:37:35'),
('26','239','1977-03-30 23:32:00'),
('31','420','1973-06-24 01:36:39'),
('32','175','2014-04-14 13:27:54'),
('33','90','1970-04-10 04:05:16'),
('35','16','1993-10-01 07:45:02'),
('35','104','1981-02-03 21:59:33'),
('35','431','1989-06-02 11:07:56'),
('36','17','2013-06-19 17:55:02'),
('37','34','1980-09-13 13:32:18'),
('38','18','1991-09-21 01:32:17'),
('38','134','2020-02-14 02:04:27'),
('38','441','1983-05-29 23:04:13'),
('39','2','1988-07-29 13:05:45'),
('40','62','1973-01-15 20:26:08'),
('40','232','2005-07-05 02:39:23'),
('41','332','1981-06-07 01:58:40'),
('44','51','2001-12-12 17:44:16'),
('44','485','1997-11-25 02:23:57'),
('47','125','2004-04-28 04:55:44'),
('47','247','1984-01-27 07:21:56'),
('48','167','1972-01-01 17:31:43'),
('48','257','2005-04-29 03:05:46'),
('49','90','1986-11-23 23:24:51'),
('54','104','1999-04-13 14:30:45'),
('56','386','1974-07-20 18:49:24'),
('59','278','2019-07-06 00:29:48'),
('59','424','1986-11-02 17:25:03'),
('59','449','1972-09-26 08:15:11'),
('61','274','1995-03-11 15:15:12'),
('62','91','1988-03-20 21:00:25'),
('63','25','1996-10-14 12:24:41'),
('63','248','2008-08-26 17:02:43'),
('64','32','2005-01-15 04:33:35'),
('64','131','2007-12-18 22:20:01'),
('65','57','1995-12-04 14:23:20'),
('65','226','1992-10-12 18:22:28'),
('66','333','2011-03-30 16:46:16'),
('69','229','1985-02-09 17:48:17'),
('71','303','2019-09-30 15:55:45'),
('71','394','2011-12-08 01:42:26'),
('73','236','1990-09-27 23:21:05'),
('73','382','1989-07-17 21:27:50'),
('74','458','2015-04-22 05:30:12'),
('78','365','2019-03-23 10:26:17'),
('79','54','1976-10-14 05:52:20'),
('80','30','1970-05-15 18:00:56'),
('82','15','1974-11-23 20:12:50'),
('82','242','1999-02-15 13:59:39'),
('83','71','1975-11-19 23:57:13'),
('83','254','1978-05-21 11:40:27'),
('84','438','2006-08-17 20:53:28'),
('89','100','2003-12-23 07:25:38'),
('89','218','1995-05-07 20:07:51'),
('91','183','2002-09-08 19:56:16'),
('91','258','1997-07-23 05:19:13'),
('92','453','2004-04-16 12:42:21'),
('94','18','2003-07-19 17:23:12'),
('95','155','1998-06-07 17:50:35'),
('96','308','2011-11-17 04:12:37'),
('98','197','1997-07-06 05:08:53'),
('98','310','1974-04-10 12:15:52'),
('99','348','2009-08-12 21:55:27'),
('100','203','2017-05-26 01:39:27'),
('100','402','1978-05-08 13:02:29'),
('100','491','1992-06-18 06:28:38'),
('104','56','1983-12-08 22:49:49'),
('105','258','2019-05-11 04:26:04'),
('105','403','1991-12-17 12:52:23'),
('105','490','2004-09-14 14:11:08'),
('106','199','1982-01-24 04:55:21'),
('106','492','2010-06-19 09:05:57'),
('107','378','1982-09-20 07:42:03'),
('109','229','1998-06-28 06:47:34'),
('110','141','1978-03-28 20:46:59'),
('111','112','1997-02-25 05:09:11'),
('112','297','2014-04-17 20:30:05'),
('117','183','1997-11-23 22:51:29'),
('119','323','2002-11-28 09:05:09'),
('119','371','2017-06-29 06:11:43'),
('119','466','1994-12-12 01:19:04'),
('121','353','1980-02-11 12:12:57'),
('123','119','1976-04-17 06:31:00'),
('127','174','1978-01-15 22:24:07'),
('127','378','1987-04-13 01:38:01'),
('127','488','1992-04-13 05:58:31'),
('128','48','1970-01-25 12:48:14'),
('128','346','1979-08-22 04:18:08'),
('128','424','2002-05-30 08:22:17'),
('129','84','1974-04-09 23:39:22'),
('129','420','1973-06-22 14:15:02'),
('130','194','2003-07-26 20:36:13'),
('132','278','2016-11-08 08:32:15'),
('133','102','1991-01-29 01:56:48'),
('133','446','1989-06-28 20:28:31'),
('134','231','1989-06-09 12:32:05'),
('134','336','1997-11-06 11:27:41'),
('134','444','2008-05-05 08:23:23'),
('135','9','1992-05-06 11:05:32'),
('135','292','1993-04-25 07:45:17'),
('136','12','2006-02-09 18:13:42'),
('137','457','2001-11-10 08:37:56'),
('139','103','2009-01-10 05:16:54'),
('139','238','2014-12-30 11:39:52'),
('140','255','1990-05-20 00:05:19'),
('140','412','2005-04-03 05:45:34'),
('144','199','1997-03-19 20:25:42'),
('144','481','1982-10-27 13:38:27'),
('145','279','1970-06-13 17:17:29'),
('147','442','1979-10-21 04:10:09'),
('148','373','1980-05-10 23:44:36'),
('148','472','1973-01-26 11:39:06'),
('149','46','2005-01-31 22:29:23'),
('149','185','1971-01-18 19:21:23'),
('149','421','2008-01-30 10:15:43'),
('151','356','1998-03-16 15:40:33'),
('152','402','1979-04-05 19:00:58'),
('154','340','1975-07-24 20:33:59'),
('154','484','1997-11-14 20:55:41'),
('156','36','1984-07-19 06:28:03'),
('160','239','2001-03-21 14:31:21'),
('161','402','1980-04-11 01:20:54'),
('162','447','2011-02-03 20:11:23'),
('163','209','2010-09-25 03:07:27'),
('164','220','2017-11-13 02:47:45'),
('165','73','1976-10-15 04:00:54'),
('166','363','2010-10-06 09:41:31'),
('168','384','1989-01-09 05:40:53'),
('168','432','2016-06-16 17:30:50'),
('168','498','1994-12-19 10:10:14'),
('170','247','2003-07-31 14:49:40'),
('170','389','2001-10-22 09:20:39'),
('171','148','2004-07-30 18:36:09'),
('172','316','1972-11-14 16:26:07'),
('172','448','1976-12-10 08:50:46'),
('174','108','1992-06-17 14:34:42'),
('181','163','1985-01-04 10:07:04'),
('181','347','1977-11-02 04:47:29'),
('182','259','1999-05-16 00:38:41'),
('184','9','1981-04-14 07:57:29'),
('184','434','2012-11-22 18:06:17'),
('185','293','1981-01-09 00:42:30'),
('186','72','1996-06-18 14:37:29'),
('188','25','2005-11-26 10:01:52'),
('188','196','1986-09-03 13:38:26'),
('188','493','2019-09-18 17:16:22'),
('189','122','1985-04-17 09:40:41'),
('189','424','2005-09-11 16:14:15'),
('192','376','2001-07-18 12:29:56'),
('192','460','2002-07-05 21:44:38'),
('193','77','1987-10-02 14:57:05'),
('193','475','2000-07-17 18:47:18'),
('193','491','2011-07-17 22:50:07'),
('195','400','1972-03-18 04:16:42'),
('197','26','2019-03-05 23:00:30'),
('199','378','2009-12-10 13:49:21'),
('200','253','1989-01-07 15:52:10'),
('201','37','1997-07-19 13:55:05'),
('201','40','1989-04-02 05:05:49'),
('201','59','2013-05-24 00:00:21'),
('201','105','2019-10-31 06:19:08'),
('201','368','2007-09-29 10:01:19'),
('202','183','2000-01-05 10:33:30'),
('208','193','2013-08-21 20:37:21'),
('208','220','1976-10-24 13:02:41'),
('209','176','1991-11-02 02:44:06'),
('209','276','2004-12-04 18:27:48'),
('213','178','2017-05-05 19:36:47'),
('214','290','1970-08-26 17:51:42'),
('221','219','2020-01-30 22:37:14'),
('221','483','2003-09-26 18:12:25'),
('222','215','2018-01-07 03:32:09'),
('227','466','2008-10-01 20:52:57'),
('230','75','1993-12-22 15:06:59'),
('230','292','2005-05-02 19:24:48'),
('231','380','1980-04-06 13:20:55'),
('232','461','1982-05-17 16:59:15'),
('234','97','2009-04-26 03:46:39'),
('235','145','2004-03-21 19:49:51'),
('235','239','1979-09-06 16:55:01'),
('236','153','1988-07-14 08:31:33'),
('236','297','1973-02-14 01:09:04'),
('237','128','1987-10-30 21:00:02'),
('239','241','1996-06-07 00:15:58'),
('240','349','1994-06-03 20:07:19'),
('241','139','1971-01-29 05:56:14'),
('242','277','2002-03-20 11:13:44'),
('245','7','1986-01-10 15:40:55'),
('246','190','1982-08-04 08:13:29'),
('251','480','1994-11-06 18:19:27'),
('257','408','1996-03-09 00:33:56'),
('259','141','2003-11-25 21:13:52'),
('260','106','1970-06-30 19:08:30'),
('260','376','2011-10-25 10:46:42'),
('261','166','2001-03-09 15:05:10'),
('262','127','2003-12-25 11:56:31'),
('264','354','2011-07-28 17:46:01'),
('265','189','2003-10-28 08:25:42'),
('266','340','1988-10-12 03:29:50'),
('267','287','2017-06-29 20:27:51'),
('268','425','2009-08-03 04:52:08'),
('270','419','2001-08-18 07:11:31'),
('271','350','1985-09-21 21:57:59'),
('274','68','2009-12-04 08:16:38'),
('274','489','1971-06-12 21:01:57'),
('278','231','2011-07-21 23:36:21'),
('280','227','2009-11-16 07:53:21'),
('281','493','1986-05-16 16:00:27'),
('283','59','1988-03-21 20:28:57'),
('284','402','1986-05-11 17:01:43'),
('284','464','2002-01-03 09:06:27'),
('285','8','1998-11-27 00:51:19'),
('286','490','2016-12-05 12:07:56'),
('287','102','2010-05-17 15:46:02'),
('288','231','2006-10-25 04:57:56'),
('289','478','2011-07-29 16:30:32'),
('292','144','1995-04-29 14:44:05'),
('293','153','1981-01-10 21:07:33'),
('295','459','1998-06-03 13:33:20'),
('297','9','2018-02-12 21:29:02'),
('299','95','2019-06-23 12:35:12'),
('299','487','2014-01-10 15:00:37'),
('301','366','2012-01-01 14:29:44'),
('302','300','2007-11-21 06:32:57'),
('302','405','1991-03-20 04:53:54'),
('304','189','1992-09-01 12:40:08'),
('305','178','1997-02-13 07:35:47'),
('305','287','1980-11-09 05:26:23'),
('306','280','2012-06-12 10:26:20'),
('308','435','1997-12-25 07:05:53'),
('309','97','1998-10-03 21:16:53'),
('310','208','2007-12-23 10:04:21'),
('313','58','2000-08-04 17:00:32'),
('314','108','1973-01-13 17:39:13'),
('314','124','1977-06-04 12:01:01'),
('315','95','1986-05-07 05:26:41'),
('315','98','1995-10-26 19:17:14'),
('315','146','2004-12-12 11:58:47'),
('315','222','1987-07-28 04:12:20'),
('319','157','2005-06-22 21:38:41'),
('321','82','2005-09-22 19:55:48'),
('322','146','1974-03-08 19:50:46'),
('322','440','1996-06-11 04:41:02'),
('324','173','1981-01-15 18:14:52'),
('324','205','1981-07-04 19:00:15'),
('324','213','1990-08-13 12:38:22'),
('327','131','1991-08-22 02:53:03'),
('328','469','1985-06-15 16:27:34'),
('329','82','1978-03-08 00:40:41'),
('330','381','1988-07-10 16:57:55'),
('331','351','2011-09-03 20:09:00'),
('334','277','1976-04-20 06:54:10'),
('335','81','2000-04-05 19:52:58'),
('335','119','1972-03-18 12:10:46'),
('336','125','1977-03-31 11:43:25'),
('336','203','2001-06-16 03:42:47'),
('336','218','2020-05-23 02:40:22'),
('336','420','2019-05-02 00:36:35'),
('340','211','1971-12-12 02:23:30'),
('340','349','2000-12-23 07:32:01'),
('342','318','1983-11-02 20:04:22'),
('345','2','1971-01-12 06:38:54'),
('346','91','1996-10-05 04:47:19'),
('346','200','1984-01-29 17:32:36'),
('346','470','1994-10-17 18:19:33'),
('348','12','2012-06-22 07:13:06'),
('348','28','2019-01-18 14:09:11'),
('349','128','1981-12-17 20:12:04'),
('352','320','2012-11-10 10:18:56'),
('353','434','2011-11-02 13:32:22'),
('354','18','1980-10-13 12:00:12'),
('354','312','2012-06-23 18:37:32'),
('355','14','1990-07-03 12:57:48'),
('355','445','2007-05-13 07:45:58'),
('355','491','2016-02-07 04:41:06'),
('358','437','1973-02-24 06:17:20'),
('360','270','1986-05-14 10:18:14'),
('361','357','2002-12-07 17:44:44'),
('362','434','2000-10-31 07:02:56'),
('364','416','1997-10-15 13:51:28'),
('365','409','1993-12-04 23:16:05'),
('368','297','2001-04-04 06:48:32'),
('370','273','1983-09-12 03:17:11'),
('370','274','1973-08-15 02:56:46'),
('371','74','2014-06-10 07:20:49'),
('371','180','1981-06-17 21:33:27'),
('371','248','1979-02-15 19:57:02'),
('373','65','1980-06-26 16:08:31'),
('374','123','1983-05-09 16:31:20'),
('374','500','1985-05-02 16:43:00'),
('375','373','1982-08-28 07:24:42'),
('376','205','1973-02-27 12:17:37'),
('379','130','1970-02-16 02:30:57'),
('381','139','1998-10-17 11:29:06'),
('382','331','2013-10-21 21:35:11'),
('382','497','1993-08-16 03:58:42'),
('384','207','2012-01-29 04:48:37'),
('384','292','2008-05-03 01:01:21'),
('387','207','2004-03-27 17:42:52'),
('387','429','2008-07-01 00:57:02'),
('388','349','1978-01-15 20:01:09'),
('388','484','1976-11-23 17:53:29'),
('391','378','1993-02-07 02:12:27'),
('393','134','2011-11-24 13:27:22'),
('396','458','2001-04-28 04:25:42'),
('400','341','1980-03-19 19:14:34'),
('402','229','2004-12-10 21:54:04'),
('402','268','1996-01-11 16:31:07'),
('404','358','1972-05-05 15:11:58'),
('405','356','2004-12-15 09:34:16'),
('406','165','2015-08-07 01:24:26'),
('411','112','1972-06-02 08:57:26'),
('411','245','2011-09-06 05:04:35'),
('413','155','1980-05-26 10:05:51'),
('413','388','1987-06-19 21:48:12'),
('413','423','1991-10-14 14:03:10'),
('414','57','1990-08-25 03:59:42'),
('414','129','1987-08-13 20:36:46'),
('415','28','2010-06-15 17:52:28'),
('417','343','2003-01-05 00:13:31'),
('421','214','1983-08-01 12:21:50'),
('424','18','1972-03-13 20:21:31'),
('424','165','2003-03-30 22:26:04'),
('424','170','1997-09-06 06:37:35'),
('424','245','1987-01-30 16:09:16'),
('424','265','1989-12-27 01:27:39'),
('425','353','1997-10-31 17:51:57'),
('426','69','1986-03-12 03:06:17'),
('426','75','2011-08-24 07:19:30'),
('430','82','2015-06-03 19:10:15'),
('430','85','1987-03-14 02:44:06'),
('433','325','1987-11-09 10:52:43'),
('435','371','1972-04-30 21:13:41'),
('436','144','2011-12-17 21:22:50'),
('438','302','2005-03-09 22:46:00'),
('439','248','2015-12-08 08:55:02'),
('439','273','1999-07-04 01:26:17'),
('439','285','2008-07-25 21:34:21'),
('440','138','1983-06-12 18:33:40'),
('440','188','1978-02-07 10:03:11'),
('440','277','1985-02-20 10:22:44'),
('443','431','2002-04-07 16:08:01'),
('445','40','1972-01-20 07:25:56'),
('447','190','1972-10-01 15:37:38'),
('448','47','1984-11-08 23:19:29'),
('448','69','1977-09-04 06:54:37'),
('449','41','1984-09-24 20:47:35'),
('449','98','2011-10-14 22:40:32'),
('450','482','2013-05-13 00:50:29'),
('452','82','1994-10-19 22:55:56'),
('457','24','1998-02-26 04:58:41'),
('457','81','2009-08-10 14:30:29'),
('457','384','2003-09-19 21:19:18'),
('460','137','1994-03-15 10:44:34'),
('460','445','1993-10-18 12:14:26'),
('461','392','1976-06-05 20:04:26'),
('462','52','1991-07-17 12:29:55'),
('462','400','2014-05-19 17:18:49'),
('462','402','2014-05-31 19:35:08'),
('464','211','2008-05-06 02:44:41'),
('464','458','1978-10-25 18:37:21'),
('468','422','1999-03-04 07:47:30'),
('468','491','1975-04-21 23:48:48'),
('469','477','1993-09-23 00:11:01'),
('472','345','2006-12-12 14:02:41'),
('473','165','2005-10-19 04:27:58'),
('474','424','1973-03-19 07:11:05'),
('475','97','1983-10-11 23:02:57'),
('475','104','2015-09-19 16:07:32'),
('475','431','1983-01-08 10:05:15'),
('478','31','1981-06-14 02:39:57'),
('478','334','1998-09-30 05:10:13'),
('484','361','2014-09-30 22:24:03'),
('485','141','1992-12-30 17:34:07'),
('489','87','2011-01-19 22:41:43'),
('489','205','1976-08-02 13:45:07'),
('490','218','2011-02-12 16:33:30'),
('492','39','1972-10-24 10:00:37'),
('494','23','1997-08-03 08:19:59'),
('496','96','1980-09-06 12:47:39'),
('497','107','2009-01-31 23:00:42'); 


DROP TABLE IF EXISTS `media`;
CREATE TABLE `media` (
  `id` bigint(20) unsigned NOT NULL AUTO_INCREMENT,
  `media_type_id` bigint(20) unsigned NOT NULL,
  `user_id` bigint(20) unsigned NOT NULL,
  `body` text COLLATE utf8_unicode_ci DEFAULT NULL,
  `filename` varchar(255) COLLATE utf8_unicode_ci DEFAULT NULL,
  `size` int(11) DEFAULT NULL,
  `metadata` longtext CHARACTER SET utf8mb4 COLLATE utf8mb4_bin DEFAULT NULL CHECK (json_valid(`metadata`)),
  `created_at` datetime DEFAULT current_timestamp(),
  `updated_at` datetime DEFAULT current_timestamp() ON UPDATE current_timestamp(),
  PRIMARY KEY (`id`),
  KEY `user_id` (`user_id`),
  KEY `media_type_id` (`media_type_id`),
  CONSTRAINT `media_ibfk_1` FOREIGN KEY (`user_id`) REFERENCES `users` (`id`),
  CONSTRAINT `media_ibfk_2` FOREIGN KEY (`media_type_id`) REFERENCES `media_types` (`id`)
) ENGINE=InnoDB AUTO_INCREMENT=201 DEFAULT CHARSET=utf8 COLLATE=utf8_unicode_ci;

INSERT INTO `media` VALUES ('1','1','1','Autem vero quaerat qui dolor harum nisi incidunt. Voluptatibus et omnis soluta qui id sint aut. Numquam ea aut mollitia.','sint','880',NULL,'2013-10-06 10:56:11','2017-08-26 16:50:38'),
('2','2','2','Inventore at ut exercitationem. Vero velit natus est in odit. Perferendis sed incidunt iure quia id unde.','culpa','5',NULL,'2013-07-08 16:19:29','1983-07-10 11:33:10'),
('3','3','3','Illum sit labore qui quaerat. Numquam deserunt tempora et quisquam. Et et alias eaque dicta.','voluptas','2219',NULL,'1988-01-09 07:49:48','2007-03-09 23:01:09'),
('4','4','4','Officia et optio tempore sed eaque voluptas eos. Vel illo corporis maiores ea aspernatur. Nostrum aut placeat ex aperiam. Numquam harum ut cum qui vel rerum.','cumque','73',NULL,'2009-11-07 04:25:29','1986-09-01 02:33:37'),
('5','1','5','Omnis porro sequi dolorum odio quo voluptatibus. Expedita delectus voluptas omnis molestiae. Possimus eum qui repellat veniam et quas consequuntur iusto.','harum','0',NULL,'2000-04-10 00:24:19','1983-02-11 00:02:39'),
('6','2','6','Facere magnam et debitis labore doloribus. Voluptatum est ut magni harum perspiciatis quis culpa. Tempore ut maiores quo amet. Eligendi ullam est quasi deleniti qui id.','qui','59',NULL,'1990-12-12 01:24:40','1985-01-23 15:31:13'),
('7','3','7','Itaque sunt quaerat doloremque illum. Occaecati quo molestias a facere eligendi. Neque iure et magnam. Quo necessitatibus praesentium repudiandae molestiae officiis quia.','minima','788782',NULL,'1979-12-03 10:18:21','2020-01-08 09:57:06'),
('8','4','8','Voluptas corporis et eveniet sapiente. Quisquam voluptatem sequi at provident. Architecto atque a dolorum. Magni voluptas delectus sed non dolorum officiis.','voluptas','8464172',NULL,'1999-10-18 00:19:59','1970-01-31 09:05:57'),
('9','1','9','Assumenda omnis necessitatibus qui architecto incidunt nostrum. Non quo nam error ducimus quis. Assumenda temporibus neque consequatur veritatis incidunt. At quibusdam nobis voluptas consequatur sit assumenda dolorem. Quae minus consequatur ea odio dolore molestias.','libero','2022550',NULL,'1972-09-14 11:19:50','2002-01-04 10:01:52'),
('10','2','10','Optio sapiente distinctio blanditiis id ad ipsum consectetur. Quaerat voluptate occaecati quisquam sint nesciunt libero sit. Sit sequi mollitia dolor officiis. Placeat commodi cupiditate nisi. Amet ut dicta dolorem officiis debitis.','aperiam','704',NULL,'1990-07-08 16:29:45','1991-04-06 17:47:56'),
('11','3','11','Porro hic at neque quia non. Eaque facilis eos eos. Ipsum voluptas quis a. Reiciendis et amet ea ea.','nobis','2686282',NULL,'2013-10-22 15:44:14','2014-05-26 17:39:05'),
('12','4','12','In rem eum deserunt ullam dolorem repudiandae qui. Beatae animi aliquam omnis libero aut non natus. Ut possimus et quo laboriosam sint. Vel animi sapiente ut porro vitae rerum.','sed','1',NULL,'2017-12-31 02:46:19','2000-12-20 09:02:20'),
('13','1','13','Perferendis in temporibus facilis id vitae velit sed. Ullam iure excepturi quo voluptatem error fuga eos. Itaque accusantium sequi libero excepturi consectetur deleniti ea odio. Et nihil sequi labore tempora illum sunt corrupti facere.','voluptate','2',NULL,'2017-06-15 18:58:15','2010-06-29 19:13:35'),
('14','2','14','Dignissimos non possimus inventore voluptatem atque. Aut laborum porro qui sapiente quia fuga sit. Enim laudantium voluptas alias eius corrupti.','rem','0',NULL,'1996-08-27 09:53:46','1991-06-27 04:42:25'),
('15','3','15','Ducimus qui consequatur neque eum. Perspiciatis neque odit laboriosam asperiores consequatur molestiae sed. Doloremque et debitis excepturi voluptatem qui. Voluptatem delectus sunt dolore.','odit','521257068',NULL,'1984-09-09 16:15:50','1987-04-28 06:50:41'),
('16','4','16','Impedit sunt aut dolores sunt odio neque. Laborum eos nisi unde.','reprehenderit','0',NULL,'2011-02-19 02:48:38','1972-04-19 02:18:05'),
('17','1','17','Et voluptatibus architecto quis animi impedit ex. Vel eum sunt eaque ut quo. Minima asperiores nulla eligendi eius eum qui dolorum sit.','consequatur','494',NULL,'1985-04-25 13:36:27','1994-11-27 16:54:49'),
('18','2','18','Accusamus rerum qui qui aut eum quod aut. Officia soluta eum dolores delectus ut dolorem. Id consectetur modi voluptatum temporibus aliquam voluptas dolor.','quisquam','35',NULL,'1974-10-07 10:34:21','1993-05-12 13:58:51'),
('19','3','19','Aut nihil et cumque eaque. In libero a ut et eos accusamus. Aut ab molestias suscipit voluptas corporis. Est laudantium voluptate est.','ea','3',NULL,'1998-06-21 08:40:54','2011-01-21 17:13:14'),
('20','4','20','Quam qui praesentium libero magni aspernatur velit. Dolor repudiandae odio sed sit ut ut. Autem expedita corrupti voluptatum et.','cumque','7',NULL,'1991-09-23 09:18:07','1983-01-23 02:50:45'),
('21','1','21','Iure vel et non voluptates impedit vitae non. Rerum dicta et ipsam alias delectus dicta. Rem perferendis ex voluptatem nam dignissimos quibusdam. Reprehenderit velit incidunt est.','odit','0',NULL,'2018-08-27 07:50:24','2013-11-15 20:35:44'),
('22','2','22','Deserunt distinctio rerum modi quo ut. Dolores quibusdam et cupiditate perferendis. Molestiae et reiciendis qui.','ut','83845559',NULL,'2013-01-18 06:41:55','1987-02-20 23:15:14'),
('23','3','23','Ipsam placeat id soluta autem. Quia eum eligendi minima eos dignissimos provident unde quam. Quia velit est neque placeat voluptate error.','consequatur','0',NULL,'2014-04-12 08:22:39','1998-12-13 09:31:39'),
('24','4','24','Porro iure dicta velit magnam eos. Dolorem qui perferendis beatae ea. Eveniet eius et tempore aliquid distinctio asperiores. Et animi ex magnam explicabo aspernatur natus. Repudiandae repudiandae voluptates sed consectetur.','impedit','52030',NULL,'1982-10-20 02:37:50','1987-03-25 18:23:16'),
('25','1','25','Enim facilis quia sit pariatur. Illo cumque architecto ut suscipit et excepturi. Harum qui perferendis nesciunt in quod. Temporibus quibusdam nesciunt explicabo itaque praesentium non modi iure.','reiciendis','325541',NULL,'2003-09-26 04:00:48','2014-08-31 11:23:03'),
('26','2','26','Numquam et sint aut qui ut sit. Eum quo aut aperiam soluta cupiditate recusandae quidem. Necessitatibus modi aut aperiam officiis quidem consequuntur. Eum ab unde aliquam reprehenderit voluptatem doloremque pariatur porro.','placeat','75636',NULL,'2006-08-13 13:36:50','1977-05-31 09:41:22'),
('27','3','27','Temporibus sapiente quia id. Alias ducimus ut porro necessitatibus. Rerum excepturi assumenda consectetur quis explicabo. Quasi ad repellat distinctio est corrupti dolor.','sit','90018',NULL,'1979-07-08 21:58:16','2011-11-11 18:51:47'),
('28','4','28','Fugit rerum eum tenetur repudiandae. Error quas aliquam non perspiciatis iusto deleniti. Rem voluptatum doloremque dolore aut ipsum omnis voluptas.','excepturi','7060662',NULL,'2010-07-08 20:34:22','2004-03-29 13:57:41'),
('29','1','29','Error omnis tempore doloribus ducimus maxime. Velit ut vel sit odio expedita. Aspernatur sit tenetur sint quam. Repellendus odit consequuntur voluptatem quis vel commodi.','rerum','3',NULL,'1999-06-11 21:42:06','1994-03-28 07:39:40'),
('30','2','30','Quae qui harum placeat nisi ad dolores et. Dolore nulla consequatur doloribus optio sequi.','inventore','3172',NULL,'2002-03-28 04:35:22','1995-10-24 22:31:16'),
('31','3','31','Aut sunt veritatis atque blanditiis. Repellendus id ad sunt delectus. Occaecati unde sit tempore sunt quaerat. Explicabo et voluptas est voluptatem quia et consequuntur.','qui','8937',NULL,'2007-07-27 00:42:10','1976-12-19 22:57:02'),
('32','4','32','Sunt aspernatur sit veniam earum. Aliquam ducimus ullam voluptatum quia. Aut quia et quod distinctio. Omnis sunt voluptas fugit consequatur sunt porro omnis quasi.','illo','79120',NULL,'1984-06-26 06:59:39','1994-04-08 01:58:52'),
('33','1','33','Quo soluta et laudantium aut amet placeat harum aspernatur. Est voluptatem a aut quisquam quia occaecati. Eius sed itaque minus ex culpa sunt eos. Ipsam natus consequatur ut sed quod.','ad','0',NULL,'1996-05-02 00:00:51','1999-07-10 14:31:06'),
('34','2','34','Aperiam qui placeat qui minima omnis dolorum qui sint. Occaecati excepturi voluptatem recusandae excepturi voluptatibus libero veniam. Unde et ut modi occaecati est dolor. Libero eaque dolores qui fugiat molestias quas numquam.','tenetur','166',NULL,'1993-11-19 14:08:09','2001-03-12 22:39:49'),
('35','3','35','Labore aliquam ut iste veniam molestiae molestiae placeat et. In porro ut nihil qui veniam. Labore modi odio aspernatur dolores optio et ullam.','minima','3697',NULL,'1994-01-07 11:02:24','1994-07-23 06:00:50'),
('36','4','36','Nesciunt illum omnis dolore velit. Dolorem sit alias harum itaque nulla quos dolore. Nobis dolore dolorum at.','ipsa','526322',NULL,'1993-07-26 17:35:56','1973-12-29 07:57:17'),
('37','1','37','Quia ut dolores eos dolorem. Nihil quam autem cum recusandae molestias. Qui dolore consectetur rem accusantium consequatur eum.','autem','649007',NULL,'2017-01-18 22:42:44','1984-04-30 23:42:14'),
('38','2','38','Sint distinctio error id. Aut dolorem aliquam possimus tempore provident sint.','corrupti','170',NULL,'2012-10-15 10:48:22','2002-11-06 01:51:57'),
('39','3','39','Et quae quidem commodi aut. Doloribus laudantium aspernatur explicabo distinctio dolore vel. Et voluptatem velit eos voluptatem ut. Iusto sit ea et dolorem minus.','beatae','4',NULL,'1975-02-20 18:02:18','1990-03-08 09:44:51'),
('40','4','40','Est consequuntur architecto sequi sed. Accusantium nisi molestiae porro hic dolores praesentium accusamus. Optio eaque neque voluptas nisi iusto eum provident vel. Expedita fugit eum qui ipsum quia vel.','nesciunt','770451354',NULL,'2019-04-10 09:47:46','2014-04-20 17:26:25'),
('41','1','41','Et culpa et et et dolorem sequi laborum. Laudantium voluptas consectetur rem qui qui mollitia veritatis et. Ut blanditiis dolores temporibus vero blanditiis.','quaerat','511',NULL,'1976-10-08 14:37:03','1976-04-28 14:09:32'),
('42','2','42','Assumenda qui tempora quia corporis dignissimos ipsa. Quod consequatur ut iste ea est nam alias. Qui ducimus voluptate nisi eos culpa quasi dolorem. Molestiae dicta qui voluptatem ut.','ut','597',NULL,'1983-09-19 06:46:17','2011-08-25 14:54:29'),
('43','3','43','Et est eum id fuga ut inventore ut. Voluptatum commodi alias sed. Voluptatum sed cupiditate et commodi nisi doloremque. Sit facilis ipsa quia quia doloremque.','iste','40',NULL,'2008-11-11 15:29:05','2005-01-09 20:51:36'),
('44','4','44','Necessitatibus sequi et ad ea delectus eius labore ducimus. Deserunt repellat voluptatum cupiditate voluptatum repellat perspiciatis. Corrupti ut et eveniet vero labore.','odit','946532361',NULL,'2005-11-11 13:17:33','1993-08-25 18:17:00'),
('45','1','45','Expedita nemo quis hic rerum et. Asperiores dolorem mollitia nobis distinctio inventore sed totam. Et ipsam est ipsa rerum in. Voluptate illum quas voluptas omnis.','pariatur','283',NULL,'1993-09-09 16:02:35','1983-08-07 23:39:34'),
('46','2','46','Qui atque molestiae maiores odio minima eos aut nulla. Facilis aut atque et nostrum harum error autem. Quo veritatis voluptas nihil soluta non sed commodi.','corporis','178',NULL,'1971-09-09 12:51:48','1978-01-11 06:18:03'),
('47','3','47','Laudantium aut molestiae tempore commodi. Consectetur earum dolor quibusdam eaque consequatur repudiandae odit. Non consectetur nihil porro aut et voluptate. Quae qui aliquam inventore vero voluptates sed mollitia. Error ut et quo dolorum.','eveniet','660',NULL,'2009-04-20 04:38:24','2006-09-24 14:33:21'),
('48','4','48','Consequatur fugit alias cupiditate dolor maxime sunt aut sint. Et repellat quia eos est molestiae repellendus. Deserunt et provident delectus asperiores.','quasi','45',NULL,'2007-11-18 03:18:22','1999-12-22 02:28:40'),
('49','1','49','Ea aspernatur ab expedita quis nisi. Quo dolores iste dignissimos amet omnis debitis numquam dolores. Fuga rerum incidunt consequatur voluptates ut cum voluptas.','dolorem','8',NULL,'1990-02-27 09:12:32','1972-01-27 20:50:36'),
('50','2','50','Non similique illo cum nobis distinctio numquam natus. Et et amet quia temporibus adipisci voluptatibus deserunt.','dignissimos','1522174',NULL,'1984-07-05 19:20:14','2000-10-14 00:50:36'),
('51','3','51','A odio voluptate dolores molestiae libero quia. Excepturi dolorem sit quis saepe ab itaque tempore odio. Qui et et consectetur doloribus nihil.','commodi','24379',NULL,'2002-02-27 06:32:22','2003-05-09 02:57:26'),
('52','4','52','Necessitatibus at et et. Consectetur voluptate numquam non sint cupiditate. Et accusamus cumque incidunt ullam eum at aperiam.','voluptatibus','6',NULL,'1994-05-03 00:44:12','1990-10-21 22:56:07'),
('53','1','53','Debitis ad est tenetur enim. Dolores similique voluptas nihil asperiores aut. Natus corporis cum quod et.','qui','8667623',NULL,'2010-10-20 05:40:42','1996-08-20 14:21:39'),
('54','2','54','Voluptatem rerum aut exercitationem sint cumque perferendis et. Aut aut ratione sed delectus velit omnis. Nemo eos est nihil rerum soluta nulla.','quaerat','7189904',NULL,'1993-12-21 11:16:33','1970-05-21 19:43:47'),
('55','3','55','Ut consequatur facere facilis et. Sed enim rem harum quia dolores labore. Velit adipisci quo quia quaerat.','pariatur','9087319',NULL,'1985-07-15 14:05:33','2012-10-17 13:05:39'),
('56','4','56','Quia voluptatem non et dolor. Facilis praesentium earum odio possimus. Numquam iure consectetur aut eius nobis sunt quis.','laborum','3889618',NULL,'1989-05-06 05:22:26','2013-10-12 08:16:11'),
('57','1','57','Sunt eum sed facilis nam maxime. Ut ut quibusdam qui fuga ab numquam molestiae. Laborum est et voluptatibus aut.','molestias','45',NULL,'1980-05-07 15:57:03','1987-06-29 19:47:06'),
('58','2','58','Aliquam animi mollitia eius nihil enim omnis pariatur. Aperiam pariatur dolores velit ipsum. Omnis consequuntur aspernatur est ducimus quasi rerum.','ratione','0',NULL,'2003-07-01 16:57:08','2016-04-10 23:41:40'),
('59','3','59','Voluptatum quaerat perspiciatis enim possimus eveniet. Accusantium illum tempore rerum consequatur id quos harum. Assumenda maxime id aliquid asperiores.','id','0',NULL,'1976-06-30 19:54:14','1988-08-17 00:12:56'),
('60','4','60','Modi dicta perspiciatis perspiciatis exercitationem quis omnis eos. Omnis aut explicabo doloremque exercitationem. Ducimus temporibus et reprehenderit reiciendis.','et','8',NULL,'2002-09-05 04:23:24','1978-06-13 23:00:32'),
('61','1','61','Ipsam hic inventore quia vel. Aut quia error cum enim illo cum rerum.','sit','57757',NULL,'1998-04-18 13:42:47','2000-07-04 08:47:20'),
('62','2','62','Animi architecto aut quae qui id perspiciatis architecto. Facere ea qui officia repellendus ad qui aut.','reprehenderit','70337769',NULL,'1991-05-08 14:55:36','1997-03-23 18:39:04'),
('63','3','63','Facere enim a veritatis vitae sed aliquam sed. Aut aspernatur minima occaecati quis. Vel deserunt ut est incidunt eum incidunt dolor. Iure sed ducimus aut voluptatem dolorem rerum. Qui aut occaecati commodi tempore et dolore.','perferendis','377',NULL,'2020-04-20 06:50:34','1994-11-09 00:07:53'),
('64','4','64','Itaque et quam temporibus sequi aperiam voluptatum. Excepturi doloribus quae laborum ut.','blanditiis','96149',NULL,'1985-02-02 17:19:32','1971-01-02 05:28:45'),
('65','1','65','Non dicta et nihil illum nobis perferendis. At molestiae esse ullam odit quam aperiam veniam exercitationem.','pariatur','4777020',NULL,'2013-09-17 05:37:58','1997-03-04 02:46:50'),
('66','2','66','Ex voluptatum nulla optio et adipisci temporibus voluptatibus. Recusandae sequi beatae sit. Tempore sequi odio omnis sit placeat repellendus. Aut recusandae odio perferendis enim quod est molestias.','vel','789',NULL,'1986-07-10 15:48:43','2008-07-03 18:52:16'),
('67','3','67','Dolorem aut voluptas impedit tempore. Itaque et non eos nihil voluptas quia. Nobis temporibus ad dolorem hic natus aut. Assumenda eveniet recusandae debitis vero.','quae','1',NULL,'1990-01-31 10:34:38','2016-05-23 22:28:16'),
('68','4','68','Consequatur earum autem voluptas in sed quas. Et laborum est et adipisci iusto dolore. Officiis voluptatibus consectetur facere veniam animi possimus. Maiores hic nisi iusto dolore iure.','id','2',NULL,'2019-12-13 00:16:01','2009-07-23 15:02:23'),
('69','1','69','Maiores suscipit aut odit consequatur. Aliquam fugit qui ut quod error sunt. Voluptatem dignissimos accusantium omnis quia. Ut velit tempora a molestias necessitatibus eos.','laborum','92298236',NULL,'1982-01-27 09:33:56','1995-04-12 23:53:40'),
('70','2','70','Optio et in aut facere ratione ipsa. Atque et dolor doloremque repudiandae error. At voluptatem error eos dolorem dolores voluptatem.','hic','39',NULL,'1992-09-13 07:51:30','1981-06-09 15:33:42'),
('71','3','71','Esse officia eius impedit sapiente explicabo. Iste itaque autem reprehenderit ducimus corporis maiores. Recusandae labore asperiores incidunt blanditiis. Voluptatem ratione mollitia explicabo repellendus ut et.','sunt','0',NULL,'1972-01-02 06:12:54','1994-09-29 15:41:05'),
('72','4','72','Magnam tenetur nam quos sequi. Error non qui at exercitationem qui sit. Commodi assumenda quia est doloribus.','ut','4061',NULL,'2011-01-09 22:05:34','2006-08-19 20:33:44'),
('73','1','73','Aperiam molestiae dignissimos molestiae cupiditate. Delectus dolor aut natus est odit id suscipit libero. Ut provident ipsam vitae molestias recusandae labore. Qui eum doloribus autem.','dolorem','513',NULL,'1984-05-09 15:28:13','1994-11-20 11:25:26'),
('74','2','74','Deleniti sint omnis nam et dolores rerum. Qui est enim mollitia nihil qui aut. Et maiores inventore molestiae harum debitis quidem.','eum','21190904',NULL,'2002-04-22 04:46:02','1998-03-13 15:56:36'),
('75','3','75','Omnis quia laborum sit libero nobis. Eum sint voluptas omnis incidunt debitis numquam. Aut rerum quo ut incidunt. Cupiditate sit accusantium a illum labore sit et.','aut','72474',NULL,'1997-08-27 19:05:34','2013-11-29 23:37:26'),
('76','4','76','Dolores laborum nulla ut. Et voluptatibus totam similique praesentium minus sint asperiores reiciendis. Consequatur adipisci et asperiores placeat. Quod ullam qui amet ut eius voluptatum itaque nostrum.','maiores','561170',NULL,'1977-04-01 08:32:28','1991-01-21 19:25:46'),
('77','1','77','Animi quisquam eos ut rem molestiae autem. Sequi atque est eaque repellendus est. Commodi cupiditate voluptatem ipsa qui libero atque.','voluptas','488590596',NULL,'1999-10-01 07:21:41','1980-07-09 03:49:59'),
('78','2','78','Id at quas velit natus modi eaque. Aut ipsa ut et quos quia dolor. Necessitatibus maiores porro repellat architecto non et ullam cum. Et cupiditate exercitationem magnam facere.','ullam','6140',NULL,'1982-11-27 04:22:54','2009-01-07 15:05:15'),
('79','3','79','Sit velit enim et magni et vel officia. Illo laborum culpa ullam repudiandae ullam dolorem dolor. Quos culpa et iste minima nostrum molestiae sed facilis. Ratione nostrum libero quibusdam sed facere.','hic','806306',NULL,'2008-04-17 21:09:21','1982-11-03 22:43:15'),
('80','4','80','Nostrum vitae hic similique expedita qui illum minus. Nobis provident commodi architecto eum iste iure voluptas. Qui ut cumque odio et.','quaerat','23323',NULL,'1978-07-06 02:41:57','2007-08-22 08:59:24'),
('81','1','81','Debitis quasi sit sint molestiae. Nihil consequatur cupiditate velit atque et. Sunt saepe placeat itaque harum veritatis consequuntur. Rerum distinctio similique non molestiae est.','quo','8502',NULL,'1981-12-02 17:33:08','1979-03-01 07:15:15'),
('82','2','82','Nesciunt fugit alias aliquam quibusdam sunt. Sequi itaque est atque nam nulla id similique praesentium.','voluptatem','8',NULL,'2008-09-02 23:23:33','1991-04-29 16:52:27'),
('83','3','83','Similique velit distinctio accusamus consectetur sit beatae quibusdam. Quia quo quam delectus non voluptatem ducimus.','aut','59271776',NULL,'1999-11-07 13:00:49','2019-08-03 00:58:15'),
('84','4','84','Nulla quam quisquam et eius quos quo vitae. Dignissimos vel ab nulla delectus nesciunt quia. Est iure nisi excepturi accusantium. Itaque asperiores iste voluptas.','modi','0',NULL,'2018-09-08 22:25:41','1978-03-07 07:27:52'),
('85','1','85','Et facilis mollitia temporibus ex est quis eos est. Quo nesciunt cupiditate reiciendis. Omnis qui sit aperiam.','rerum','2346685',NULL,'2006-05-08 02:47:06','2004-07-03 05:32:37'),
('86','2','86','Omnis eos qui sed reprehenderit. Nobis qui sed et et aut. Iure est minima amet qui sunt in non. Voluptatem nihil ut itaque amet numquam neque.','consequatur','35',NULL,'1993-02-18 02:13:36','1995-04-26 08:17:15'),
('87','3','87','Nam nihil alias dolore necessitatibus. Cumque fugiat repellat et ab quo non.','quo','486597',NULL,'1991-05-09 16:33:06','1975-08-01 20:07:52'),
('88','4','88','Ut rerum iusto et ea. Beatae voluptatem sunt harum minima. Ut omnis culpa deserunt omnis blanditiis quia.','voluptatum','67915642',NULL,'2019-03-24 15:50:22','2013-07-30 22:02:28'),
('89','1','89','Consequuntur dolorem velit sit molestias ut alias non. Recusandae aut delectus ut. Ullam ipsa quis assumenda et repellat harum.','nisi','5',NULL,'2003-08-28 01:30:00','2012-12-21 23:05:47'),
('90','2','90','Eum dolores soluta consectetur veniam et fugiat laboriosam amet. Molestiae placeat blanditiis cumque nemo. Hic dolorem consequatur ea voluptatum occaecati assumenda. Excepturi quia perferendis aperiam veritatis minima doloribus qui dolores.','ex','8460',NULL,'2014-02-11 06:09:33','1984-04-25 06:42:26'),
('91','3','91','Sed autem ut inventore aut. Nostrum non magnam error ex rerum fuga fuga.','error','768270205',NULL,'1990-01-11 14:51:30','2009-06-13 13:02:14'),
('92','4','92','Aut maxime qui et rerum placeat aut commodi. Accusamus reiciendis consequatur iure qui expedita neque eos. Quibusdam fugit magni illum aut et.','expedita','27',NULL,'2008-10-17 13:05:38','1994-06-20 00:53:29'),
('93','1','93','Ut deleniti mollitia omnis sit fugit alias deleniti. Ut praesentium soluta enim aut.','aut','3',NULL,'1991-01-05 19:50:31','1985-01-30 23:37:15'),
('94','2','94','Natus nesciunt corporis sed et numquam quasi porro. Ut molestiae excepturi eveniet velit aut. Vero cupiditate modi sit provident sint est unde.','nostrum','6597',NULL,'1997-11-16 19:28:44','2015-10-09 21:15:37'),
('95','3','95','Rerum est sapiente tenetur consequatur pariatur magni. Et illum officiis voluptas enim aut fugit. Magni dolor et dolore numquam quia officia. Deserunt in ex magnam quis ut nam.','voluptatum','95525',NULL,'2008-07-20 13:40:44','1976-03-06 15:08:37'),
('96','4','96','Nemo exercitationem nulla praesentium sint nihil doloremque quas. Quod et velit voluptatem totam unde ut molestias libero. Et qui officia velit asperiores at dolorum est commodi.','facere','19254',NULL,'2001-04-26 13:48:41','2000-01-18 20:39:13'),
('97','1','97','Nisi nobis perferendis praesentium unde eius blanditiis. Nesciunt quos ut accusamus harum porro labore dolor. Sunt sed occaecati sed beatae explicabo. Dolorum quia velit magnam quos. Sequi sit qui eum et quod tempore.','sit','371180',NULL,'1971-04-10 16:24:33','1974-06-01 11:29:33'),
('98','2','98','Repudiandae natus asperiores rerum nam et dolorum nam. Consequuntur dolorem esse exercitationem est quo. Occaecati in autem quia illum. Non consequatur vitae dolore.','mollitia','88',NULL,'1989-07-17 11:46:08','2010-04-10 05:53:45'),
('99','3','99','Neque et hic illum pariatur adipisci voluptas qui sed. Esse quaerat inventore temporibus aliquid. Neque aut et sed omnis eius repellat architecto.','tempore','5684023',NULL,'1995-02-16 00:53:47','2000-12-07 21:41:48'),
('100','4','100','Quo velit aut aut beatae sint consequatur praesentium. Porro facilis aliquam eligendi accusantium praesentium. Fugit illum id mollitia commodi eos quia.','eligendi','0',NULL,'1991-02-02 13:50:42','1975-09-23 16:01:46'),
('101','1','101','Accusamus perferendis officia voluptas eaque omnis. Consectetur temporibus dolore eos distinctio. Quam veniam corporis sunt reprehenderit. Corporis molestiae vero eum.','numquam','8',NULL,'2005-11-04 19:08:23','2019-01-31 05:13:18'),
('102','2','102','Veniam iure sed voluptatem repellendus tenetur dignissimos molestiae vel. Veritatis earum mollitia eligendi nemo doloremque officia earum. Voluptate amet aut veritatis.','minima','854',NULL,'2013-01-28 07:25:13','2007-04-15 01:16:57'),
('103','3','103','Itaque sequi voluptate ipsa adipisci. Maxime aperiam quos quia sequi dignissimos repudiandae. Pariatur qui eaque veritatis. Omnis placeat dolor est quos.','omnis','5',NULL,'2015-01-15 15:43:05','1998-05-14 13:03:36'),
('104','4','104','Officia eius dolorum et eius. Quo ea asperiores rem. Magni aperiam doloremque aut omnis quasi natus.','est','0',NULL,'2017-10-09 20:43:02','1992-09-21 13:38:20'),
('105','1','105','Omnis voluptatum id velit soluta dolorum vel. Officiis nobis sint vitae suscipit adipisci. Iste perferendis veniam nulla eligendi dolorem.','natus','3756939',NULL,'2013-09-21 10:34:20','2007-08-25 13:58:49'),
('106','2','106','Quos voluptatem eum sit quia ipsam. Dolore repudiandae nam molestias. Sunt aperiam iusto natus sit expedita. Impedit facilis aliquid necessitatibus quia deserunt. Commodi fugit fugiat omnis quos magnam voluptatem.','sunt','5008575',NULL,'1999-08-07 15:48:39','2009-11-24 02:03:43'),
('107','3','107','Dolores et aut doloremque praesentium. Qui vel molestiae ut ducimus fugiat. Voluptatem quia omnis aut. Vel soluta aliquid blanditiis consectetur.','expedita','757',NULL,'2001-04-24 03:04:20','1990-12-08 02:37:40'),
('108','4','108','Rerum quos dolores blanditiis hic. Deserunt rerum dolorem qui ea. Ut numquam impedit totam necessitatibus ea mollitia omnis. Reprehenderit autem rerum adipisci.','ut','8574',NULL,'2001-03-12 06:48:12','1971-01-16 04:43:32'),
('109','1','109','Et in id perferendis. Ut ea ex alias a. Distinctio incidunt et expedita aut est assumenda quidem. Magni quia quia et delectus corrupti. Qui iusto dolore est.','et','6',NULL,'2016-06-24 21:07:58','1992-06-26 19:08:12'),
('110','2','110','Numquam enim ut sint. Eum voluptatem autem sed.','vitae','646048734',NULL,'1984-12-07 08:36:55','1978-05-14 05:37:32'),
('111','3','111','Possimus et quod ullam dolore quasi. Iure quis laboriosam neque impedit. Provident eveniet perferendis deleniti mollitia et aut.','ab','5512',NULL,'1996-04-17 11:12:59','1987-03-05 20:52:36'),
('112','4','112','Dolor eveniet culpa enim et mollitia est odit. Dolore minima officiis minima suscipit et. Eum blanditiis quis voluptas iste inventore. Eligendi ab inventore nam nemo earum repudiandae quam.','quis','692593',NULL,'2014-04-27 16:26:17','2003-01-18 18:12:07'),
('113','1','113','Fugit sed mollitia sint. Et ut recusandae quos ea a. Rem nisi sequi error numquam facilis.','est','0',NULL,'1977-05-09 23:52:12','1982-09-20 04:11:44'),
('114','2','114','Cupiditate nostrum quae magnam pariatur quasi quam in. Qui temporibus quia exercitationem voluptatem doloribus molestiae quia.','neque','42156',NULL,'2008-01-05 23:10:52','1976-02-05 00:46:39'),
('115','3','115','Eos ut voluptates sint et ad officia. Possimus ut magni quia et. Omnis non magni reiciendis voluptatem tempora impedit. Dicta pariatur libero et omnis sed.','consequatur','28',NULL,'1982-03-24 07:38:44','2015-08-06 23:06:30'),
('116','4','116','Vero impedit accusantium fugiat quasi magni voluptas. Recusandae impedit aut est ut eligendi. Unde veniam eos labore explicabo minus est blanditiis quia. Eius amet sit ut aperiam. Est ut dolorem aliquam.','exercitationem','0',NULL,'2006-04-28 20:06:21','2018-04-29 20:20:11'),
('117','1','117','Rerum accusamus rerum nisi sint rerum et. Itaque voluptatem laboriosam est beatae eligendi. Qui odio veritatis ipsa dolores.','nemo','2777926',NULL,'2001-09-09 01:17:12','1971-12-27 16:36:56'),
('118','2','118','Ut voluptatum consequuntur est omnis quo animi quis. Neque eum pariatur impedit eos qui. Cupiditate blanditiis est culpa. Et reiciendis accusamus maxime et itaque quasi libero.','quisquam','788800951',NULL,'2012-05-20 11:30:19','1989-10-03 06:26:48'),
('119','3','119','Assumenda beatae distinctio ex nostrum minus. Dolor ut cum magnam consequatur. Voluptate voluptatum explicabo dolore fugiat consectetur.','voluptatem','384354053',NULL,'1990-11-09 21:10:57','1999-12-14 12:22:57'),
('120','4','120','Sunt quod ut numquam suscipit dolores et recusandae eum. Sequi odio et unde saepe aperiam sit labore quia. Aliquam eos vel cumque aut.','exercitationem','987432',NULL,'2004-06-15 12:14:43','2017-05-11 16:13:20'),
('121','1','121','Corrupti quis dolorum animi aliquid accusantium. Ut quam non voluptatem tenetur. Reprehenderit id aut provident quidem maiores explicabo.','rerum','0',NULL,'2000-12-08 02:40:31','2001-09-29 15:35:00'),
('122','2','122','Similique autem laboriosam voluptates quasi sunt ipsum. Animi facere voluptatem ut nesciunt voluptatem harum voluptatem. Dicta autem aut rerum saepe. Voluptatem explicabo ut voluptatem explicabo quasi eaque deleniti.','repudiandae','78128',NULL,'1970-02-25 22:18:20','2009-05-15 11:04:10'),
('123','3','123','Magnam aut aut aut dolorem rerum accusamus neque. Qui voluptatem ea natus ullam vero aliquam enim omnis. Numquam eius voluptatem laborum consequuntur vel.','tempore','0',NULL,'1970-03-19 02:09:03','1980-04-29 01:23:36'),
('124','4','124','Neque consectetur dolores et ut animi voluptas molestiae. Fugit in dolorum ut qui aut voluptatem. Nisi in aliquam tempora maiores ut. Possimus autem natus iste. Vitae vel eos cupiditate eum exercitationem.','eius','429943',NULL,'2005-11-21 08:35:25','1978-07-31 08:31:14'),
('125','1','125','Et ipsa iusto et similique. Fugit libero laudantium est dicta asperiores id autem. Tempore incidunt aut est earum et. Dolor quaerat et illo eum quo dolorem.','culpa','52713',NULL,'1996-07-26 18:27:15','2008-12-07 03:01:11'),
('126','2','126','Sapiente et aspernatur et dolores quia. Suscipit dicta earum saepe omnis ut ut in. Officia quos magni ea quia nihil fugiat et. Quos iusto harum omnis consequuntur non.','rerum','258141',NULL,'1984-03-02 02:46:36','2000-03-01 13:03:55'),
('127','3','127','Ut nulla aut vitae totam saepe. Sit tempora libero autem vel. Sed ipsum assumenda cupiditate quis.','est','6274371',NULL,'1979-05-15 12:49:29','2014-06-08 04:24:23'),
('128','4','128','Voluptates ut eum et. Consequatur vel doloribus nulla et architecto necessitatibus cum.','distinctio','92591',NULL,'2015-02-02 08:54:20','2000-05-15 05:00:45'),
('129','1','129','Neque quis a beatae nesciunt sit reprehenderit magni pariatur. Debitis molestiae voluptate non rem enim saepe et. Placeat eaque qui distinctio voluptatem.','explicabo','377970',NULL,'2013-09-30 11:20:16','1982-09-02 10:06:08'),
('130','2','130','Esse enim illum cupiditate iure blanditiis rerum. Provident natus quia dolore et deleniti harum. Fugiat totam velit id iure corrupti cupiditate.','similique','78107',NULL,'1987-05-28 15:48:18','1982-01-29 00:48:18'),
('131','3','131','Facilis ut fugit expedita ex. Id iusto ex ullam harum deserunt labore sed. Consectetur dolores quisquam atque facere omnis. Sed expedita voluptatum voluptas.','pariatur','788616',NULL,'1982-05-29 03:18:32','1975-01-30 10:31:57'),
('132','4','132','Molestias accusantium iure illum et. Qui ea est ipsam et. Hic eaque aut omnis molestiae.','sapiente','342070856',NULL,'1991-11-08 11:39:54','1994-06-24 14:24:41'),
('133','1','133','Asperiores maiores placeat sed quia aliquam omnis rerum voluptatibus. Unde dolores voluptatem repudiandae illum ut. Cumque ut esse iste quas accusantium est tenetur.','debitis','5875',NULL,'1999-03-17 07:23:07','2005-01-28 12:27:06'),
('134','2','134','Nisi alias vel quia ea. Id voluptas accusantium laborum deserunt magni ullam. Doloremque eos cumque perferendis repudiandae saepe.','pariatur','17610',NULL,'1985-06-23 02:09:05','2016-01-24 01:40:33'),
('135','3','135','Praesentium nostrum et dicta enim. Aliquam et est fuga. Enim in voluptatem rerum aut.','maxime','30169',NULL,'1993-08-04 13:22:33','2010-11-11 08:59:27'),
('136','4','136','Rem harum quia velit. Ut suscipit et similique aliquid. Corporis iure sed consequatur ducimus magni. Sapiente voluptatem non veritatis et.','nesciunt','7512476',NULL,'1970-09-03 20:36:30','2003-09-13 23:53:33'),
('137','1','137','Beatae enim numquam voluptas deleniti velit qui. Quia illum dolorum ab explicabo. Exercitationem rerum porro aliquid voluptate id.','adipisci','420',NULL,'2017-05-06 10:31:48','2013-12-11 17:42:15'),
('138','2','138','Ullam sint autem molestiae officia rerum dolor quo nostrum. Quia aliquam non provident nisi. Saepe et ut et facere qui.','quo','0',NULL,'1986-03-02 00:09:47','1981-12-15 20:58:26'),
('139','3','139','Rerum suscipit et sed placeat. Saepe ex quia explicabo earum sit aut. Odit cum ad asperiores eum.','qui','33',NULL,'1974-01-28 01:22:42','1974-03-17 22:51:34'),
('140','4','140','Qui ipsam pariatur maiores consequuntur autem cupiditate accusantium repellendus. Pariatur optio vero temporibus magni et. Molestias assumenda reprehenderit animi.','quia','47',NULL,'2019-07-12 08:52:14','1990-08-09 16:32:28'),
('141','1','141','Qui itaque qui quidem. Vero voluptate soluta voluptatum ut occaecati et cupiditate assumenda. Temporibus reprehenderit consequuntur aliquam repudiandae sint aliquam asperiores dolor. Maxime qui nisi illo repudiandae tenetur reprehenderit omnis.','occaecati','648544',NULL,'1983-09-13 02:11:30','2005-06-15 18:34:35'),
('142','2','142','Nostrum impedit porro tenetur et. Cum odit quisquam tenetur possimus provident enim nobis. Minus et repudiandae mollitia. Quia minus ea iusto consequatur dolor aut.','nemo','91',NULL,'2011-06-05 19:20:10','1982-11-26 05:59:48'),
('143','3','143','Nemo ut error ipsa. Incidunt consequatur quo impedit cupiditate inventore consequuntur.','sit','0',NULL,'1990-03-09 08:04:20','2012-05-18 05:59:16'),
('144','4','144','Rerum voluptatem neque et voluptas. Unde dolorem eum odio enim tempora. Repellat consequatur sequi omnis quas aut sint nihil dolor. Tempore ut occaecati vero quos aspernatur odio iure.','iure','228',NULL,'1977-02-18 14:47:21','2002-01-23 03:15:15'),
('145','1','145','Quos cum optio at cum voluptatem deserunt. Saepe possimus eaque est perspiciatis alias. Explicabo dicta omnis eaque repudiandae.','enim','68234',NULL,'1986-06-08 01:17:13','1973-12-27 15:27:20'),
('146','2','146','Officia necessitatibus veritatis fuga corporis. Ad aut delectus sed voluptatem. Voluptate minus iste veritatis sed voluptate dolores.','ducimus','79',NULL,'1976-11-13 03:01:38','2016-06-17 04:44:32'),
('147','3','147','Eos odio voluptas ab aut dolorem. Doloribus voluptatem nam repudiandae. Aut ut voluptas voluptate quia natus corporis quis. Suscipit in beatae alias sunt dicta amet. Et ipsam officiis doloremque magnam.','cupiditate','420480',NULL,'2012-05-29 01:25:29','1998-02-13 01:19:31'),
('148','4','148','Illum officia occaecati nihil excepturi nobis dolor deleniti. Consequuntur ea rerum expedita. At sint voluptatem est debitis. Repudiandae at placeat optio sit.','corrupti','153604367',NULL,'2017-10-03 02:28:56','1979-12-28 11:52:11'),
('149','1','149','Earum modi quae non. Et et dicta libero ut.','rerum','5323',NULL,'2011-09-03 02:58:56','1984-07-08 10:50:45'),
('150','2','150','Ipsa similique et asperiores culpa. Qui ea odit quis. Cupiditate molestiae adipisci aliquam sit dolor.','nam','836',NULL,'1978-02-28 21:21:41','2008-11-04 06:08:02'),
('151','3','151','Quisquam est quia modi ut voluptatem. Rerum est et dolorum quo aspernatur magni vel. Qui laudantium quaerat facere esse. Exercitationem sequi alias ut omnis mollitia asperiores eos.','odio','75036',NULL,'1989-10-28 08:50:42','2006-06-23 17:02:03'),
('152','4','152','Facere accusantium accusantium temporibus ipsa. Et modi dolor dolores aliquam saepe doloremque. Amet omnis quia doloremque adipisci et quia.','sit','36838',NULL,'2015-05-04 06:57:14','1983-12-02 20:15:02'),
('153','1','153','Non ut quia est occaecati expedita omnis. Quia asperiores accusantium id ut qui. Ut necessitatibus quo consequatur recusandae consequatur autem doloribus. Voluptatem assumenda rem quae quo.','sunt','1',NULL,'1976-10-06 16:02:22','2017-09-25 11:00:32'),
('154','2','154','Qui molestiae et aut et laboriosam iste exercitationem. Et quia molestias fuga occaecati tenetur atque dolor. Enim libero in labore ipsum occaecati sed maiores eligendi. Est eum incidunt dicta provident omnis voluptatem atque.','eligendi','137458368',NULL,'2009-11-29 04:38:22','1992-06-25 20:44:11'),
('155','3','155','Similique assumenda quibusdam voluptas libero harum nihil. Debitis omnis officiis et et. Consequatur enim odio maxime a mollitia.','voluptatem','7218923',NULL,'1987-08-31 09:09:57','1999-11-13 10:23:24'),
('156','4','156','Soluta atque perferendis error quod. Quos praesentium ipsum nesciunt illum eveniet et. Nostrum aperiam suscipit reiciendis ipsam. Expedita doloremque amet necessitatibus est.','magni','907985',NULL,'2000-08-09 20:34:54','2008-10-01 14:21:24'),
('157','1','157','Perferendis atque accusantium ad minus non explicabo quia voluptatum. Laboriosam veritatis culpa id voluptatem consequuntur omnis. Placeat ut sint voluptatem tempora autem et ut non. Fugiat repudiandae quis illum asperiores.','ut','59986',NULL,'1991-06-22 22:49:26','1996-09-03 23:56:51'),
('158','2','158','Blanditiis vitae cum assumenda deleniti qui a rerum. Soluta doloremque quo harum rerum alias. Et voluptas doloremque minus explicabo ea. Voluptas nihil sed sequi aliquam voluptatem quos iusto placeat.','a','602',NULL,'2014-04-16 11:08:15','1972-06-02 11:36:23'),
('159','3','159','Sunt molestiae nostrum repellat magni rerum placeat. Dolorem exercitationem rerum ut consequatur et explicabo sed. Enim possimus ut ut quod dolores maxime.','exercitationem','93002',NULL,'2009-03-15 21:15:34','1996-08-31 08:42:12'),
('160','4','160','Nam harum autem quia laboriosam maiores officia. Consequatur quidem porro voluptatum ut perferendis ad. Harum possimus nobis sequi dolorum.','laborum','8360430',NULL,'1983-09-17 02:06:10','2012-03-21 16:32:15'),
('161','1','161','Nulla molestiae odit quas nulla quo. Ipsum laboriosam dolores reiciendis itaque voluptas. Fugit est dolor voluptatem voluptatem ut et eligendi. Recusandae consequatur quis inventore consectetur rerum. Itaque eligendi praesentium neque sed.','ex','0',NULL,'2001-02-16 09:03:46','1995-12-01 01:50:48'),
('162','2','162','Eos et consequatur odio minus iste provident. Quo sint qui dolores fugiat. Velit optio soluta totam soluta doloremque.','odio','0',NULL,'2005-05-31 16:26:26','1991-03-27 01:45:28'),
('163','3','163','In suscipit sed iste dignissimos voluptatem. Magnam et numquam itaque accusamus velit. Dicta corporis laudantium nam illum voluptatibus. Molestiae reiciendis aliquam sapiente.','sunt','7983550',NULL,'1983-04-09 10:05:59','2012-06-19 21:26:52'),
('164','4','164','Nostrum mollitia cupiditate et pariatur. Voluptas deleniti totam fuga impedit aut et libero. Est aut dolorem omnis aliquid ipsam optio pariatur. Dignissimos fugit sed nisi totam. Deserunt qui non temporibus vel.','aut','1280',NULL,'1976-11-01 19:39:43','2006-03-02 22:15:01'),
('165','1','165','Optio repellat dolorum qui ad illo voluptas. Quia laudantium eum ut non est. Quia adipisci reprehenderit quia sit suscipit non. Magnam inventore expedita asperiores pariatur quisquam neque veritatis.','quia','39289039',NULL,'2014-07-16 12:19:58','1982-05-07 01:12:05'),
('166','2','166','Porro voluptas est iste culpa. Quo magnam officia nesciunt id esse. Ullam quod sed excepturi et. Nihil possimus inventore saepe quisquam facere. Iure dolores id ut iure.','suscipit','3661599',NULL,'1995-04-02 08:38:00','2000-04-09 02:35:30'),
('167','3','167','Ut ipsa fugiat perferendis impedit fugiat eligendi. Eos officiis est et facilis blanditiis corporis. Id ab molestiae quae qui quis at velit.','enim','27590',NULL,'2005-02-11 20:42:32','2010-01-06 12:05:08'),
('168','4','168','Officiis natus dolores voluptates qui voluptatem officia quo. Repellat dolor reiciendis facilis veritatis quo optio perferendis. Sed doloribus officia aut laboriosam neque tenetur. Corporis rem nulla corporis maxime.','quidem','686900031',NULL,'2000-06-22 00:57:50','1983-07-22 01:26:45'),
('169','1','169','Voluptatem blanditiis consectetur id architecto laboriosam perferendis. Quisquam non dignissimos ut.','veritatis','66777262',NULL,'2005-03-23 16:00:45','2007-02-16 16:12:31'),
('170','2','170','Temporibus qui porro sapiente sapiente ut. Id est hic commodi cupiditate reprehenderit.','tempore','52385',NULL,'1989-08-19 00:10:51','1982-08-19 05:35:23'),
('171','3','171','Magni dolore amet eum quia vel dolor vel non. Tenetur quia maiores sapiente quo nulla expedita ipsam.','inventore','729784',NULL,'1970-09-18 09:04:40','1992-10-14 06:22:48'),
('172','4','172','Nihil non velit labore qui. Facere libero quos ad. Id harum maxime est nulla. Qui eum maxime quod ut. Iusto beatae soluta quae.','expedita','8299',NULL,'1998-05-19 08:01:22','1975-05-05 15:51:04'),
('173','1','173','Totam maiores eum ratione error sed. Totam et a excepturi.','consectetur','710',NULL,'1998-10-20 01:25:12','1979-11-21 05:13:07'),
('174','2','174','Quam inventore sit qui sed deleniti libero. Ab distinctio libero a provident. Debitis sed et perspiciatis eum sequi.','ipsam','4706',NULL,'2011-10-21 05:03:55','2001-04-19 09:53:06'),
('175','3','175','Doloremque et culpa nemo eveniet maxime molestias. Quod repudiandae est sint et ea dolore recusandae aut. Aut aut assumenda est a. Est enim quae quas fuga est molestiae est.','aliquam','648414',NULL,'1981-03-01 16:20:32','1999-09-26 01:01:37'),
('176','4','176','Aperiam quidem adipisci libero adipisci necessitatibus cum deleniti. Quos aut eos facere et fugit adipisci. Est et et sit similique consequatur ut sit. Ipsa voluptates praesentium culpa expedita tempora dolor.','nisi','780041248',NULL,'1993-10-11 03:47:28','1988-04-01 17:39:16'),
('177','1','177','Esse et id deleniti porro mollitia laboriosam. Voluptas quisquam veniam animi libero consequatur. Ratione quis sit eos voluptas consectetur. Minus voluptas dicta ratione adipisci molestiae officia non.','qui','5977696',NULL,'1970-08-30 05:20:39','1978-12-20 14:54:09'),
('178','2','178','Perferendis ut necessitatibus et nostrum. Et cupiditate inventore mollitia. Maiores repellendus omnis tempora minus quo repudiandae consequatur.','praesentium','40083443',NULL,'2014-11-24 13:36:26','2004-08-31 02:52:57'),
('179','3','179','Amet ab ullam rerum est eaque maiores. Est magni sequi autem enim.','facilis','41289',NULL,'1981-01-14 03:30:35','2015-12-21 23:59:31'),
('180','4','180','Vitae minus dolores et suscipit. Ut ullam autem voluptatibus aut quia odit consectetur qui. Ut quo praesentium necessitatibus dignissimos et officiis velit.','ea','0',NULL,'2010-09-05 11:47:25','1988-08-09 11:25:29'),
('181','1','181','Ipsum delectus qui qui debitis. Culpa facilis qui laboriosam expedita totam aliquam. Consequatur enim dolore dolor dolores est voluptas. Aut animi et harum tempore ab iure.','voluptatem','8',NULL,'1987-05-24 14:33:34','1991-04-29 04:33:48'),
('182','2','182','Reiciendis dignissimos optio quisquam consequuntur. At optio ut aliquid nihil quis. Ipsa tempora aperiam hic ut sint.','voluptatem','430',NULL,'2015-01-10 14:23:02','2017-01-06 23:32:21'),
('183','3','183','Ex esse natus est similique occaecati. Voluptatem quia officia non et accusantium totam.','distinctio','0',NULL,'2017-12-20 17:05:44','1989-08-10 18:00:33'),
('184','4','184','Placeat aliquam quidem dicta sed vitae odit. Asperiores sed ut earum amet pariatur. Adipisci consequuntur natus voluptatum deserunt.','ex','50303',NULL,'1978-10-19 21:15:35','1999-11-27 06:35:19'),
('185','1','185','Quasi dolorem perferendis voluptas a et iste. Repellat sint praesentium temporibus assumenda dolores. Qui ea repudiandae quia fuga.','ex','216344452',NULL,'2010-12-28 13:38:27','1996-08-10 18:25:04'),
('186','2','186','Est sunt ut inventore ut et. Error quis magni et nisi aut id voluptas. Tenetur autem omnis eligendi eius qui.','quo','0',NULL,'1992-08-16 02:44:47','1984-08-16 21:19:50'),
('187','3','187','Dolore nesciunt et consequatur ut ducimus. Deserunt quia voluptas animi labore cupiditate. Optio sed et sint quasi.','nihil','696',NULL,'2016-07-07 09:51:17','1993-02-05 04:19:58'),
('188','4','188','Qui quisquam numquam quia provident placeat. Voluptatibus cumque natus dolor enim id culpa officia. Esse voluptatem id in nulla tempora. Explicabo eaque at qui impedit.','autem','0',NULL,'1993-12-10 02:33:24','1997-05-25 18:24:46'),
('189','1','189','Harum consequatur sit adipisci delectus. Quia aut rerum quo a in. Illo deleniti sunt quos id consequatur dolor fuga. Iste in perspiciatis repudiandae rerum itaque fugiat voluptatum. Eveniet quas hic eum.','commodi','0',NULL,'1999-01-28 23:35:32','1985-10-25 17:08:06'),
('190','2','190','Rerum quasi voluptatem quam perspiciatis aperiam. Quisquam voluptas nemo nostrum quam consequuntur fuga officia. Voluptatem blanditiis dicta in.','assumenda','60069',NULL,'2003-03-29 11:16:41','2003-10-09 21:18:21'),
('191','3','191','Quia quam dolor eos laborum et. Ipsa nam voluptatem optio accusamus maiores consequatur accusamus. Id est ex dolorum.','non','1195',NULL,'1990-03-09 05:34:35','1994-02-15 08:15:45'),
('192','4','192','Quia qui accusamus doloremque quo sit illum. Ea ea quas fugiat dolorem. Sequi maiores aspernatur non sed possimus debitis. Aut a amet illo est numquam.','adipisci','1655144',NULL,'2005-01-26 21:19:44','1978-05-08 09:07:27'),
('193','1','193','Magnam aut accusamus tenetur doloribus laborum rerum minus. Eveniet et beatae aut vitae. Perferendis et iste exercitationem et aut corrupti.','qui','1333',NULL,'2011-04-19 09:49:39','1980-07-13 13:06:16'),
('194','2','194','Natus ipsum delectus officia recusandae alias. Quidem optio ea ea deserunt animi sit. Magni accusantium veritatis sunt fuga id ratione voluptatum. Earum pariatur sed rerum provident.','adipisci','6241519',NULL,'2014-04-17 09:32:42','1995-09-25 12:55:46'),
('195','3','195','Qui delectus perferendis dolores quae. Qui dolor inventore consequatur libero voluptatem voluptatem perferendis optio. Possimus ut ducimus ut et dolorum deserunt atque modi. Reiciendis ex ipsum delectus dolores quod dolor ex.','eius','482993403',NULL,'1972-07-27 14:55:26','1996-10-17 14:48:35'),
('196','4','196','Labore sint dolor magni maiores odio. Eius quia impedit sit officiis nostrum sit praesentium. Ea voluptatum eos incidunt similique quis molestiae. Aut voluptas facere sint pariatur.','omnis','2786235',NULL,'2006-10-19 12:48:08','2014-12-14 07:10:44'),
('197','1','197','Sed sit et magni quos. Repudiandae quisquam sit sit architecto quos. Necessitatibus commodi cum recusandae. Occaecati excepturi quam debitis officiis.','doloremque','72401',NULL,'1991-08-01 19:32:41','1999-11-12 07:55:47'),
('198','2','198','Molestiae et vero velit ipsa esse. Laborum ratione non ipsam. Earum itaque quaerat quaerat expedita sint.','in','42335995',NULL,'2018-09-09 03:08:48','1995-07-03 04:08:23'),
('199','3','199','Dignissimos est a in nesciunt veniam error. Cupiditate aut qui doloremque. Quibusdam rerum sunt voluptas omnis. Rem vel aut amet quas quod. Blanditiis est in ipsum voluptatem nisi.','nulla','8',NULL,'1983-05-13 09:47:32','1981-06-19 06:50:03'),
('200','4','200','Minus est culpa est quia sed nihil omnis neque. Voluptatibus adipisci eius et voluptates. Beatae eum ab et sunt quo aut nulla reprehenderit. Eos quis ipsum repellendus et illo laboriosam ullam.','iusto','913772',NULL,'1988-02-20 11:41:04','1974-04-25 11:57:22'); 


DROP TABLE IF EXISTS `media_types`;
CREATE TABLE `media_types` (
  `id` bigint(20) unsigned NOT NULL AUTO_INCREMENT,
  `name` varchar(255) COLLATE utf8_unicode_ci DEFAULT NULL,
  `created_at` datetime DEFAULT current_timestamp(),
  `updated_at` datetime DEFAULT current_timestamp() ON UPDATE current_timestamp(),
  PRIMARY KEY (`id`)
) ENGINE=InnoDB AUTO_INCREMENT=5 DEFAULT CHARSET=utf8 COLLATE=utf8_unicode_ci;

INSERT INTO `media_types` VALUES ('1','dolor','2000-06-25 10:30:31','2010-08-03 20:36:18'),
('2','nulla','1999-08-15 01:02:25','1986-07-24 21:04:45'),
('3','qui','2011-02-05 09:54:07','2003-11-07 01:06:28'),
('4','ullam','1992-05-15 19:58:21','2013-01-20 20:38:28'); 


DROP TABLE IF EXISTS `messages`;
CREATE TABLE `messages` (
  `id` bigint(20) unsigned NOT NULL AUTO_INCREMENT,
  `from_user_id` bigint(20) unsigned NOT NULL,
  `to_user_id` bigint(20) unsigned NOT NULL,
  `body` text COLLATE utf8_unicode_ci DEFAULT NULL,
  `created_at` datetime DEFAULT current_timestamp(),
  PRIMARY KEY (`id`),
  KEY `messages_from_user_id` (`from_user_id`),
  KEY `messages_to_user_id` (`to_user_id`),
  CONSTRAINT `messages_ibfk_1` FOREIGN KEY (`from_user_id`) REFERENCES `users` (`id`),
  CONSTRAINT `messages_ibfk_2` FOREIGN KEY (`to_user_id`) REFERENCES `users` (`id`)
) ENGINE=InnoDB AUTO_INCREMENT=501 DEFAULT CHARSET=utf8 COLLATE=utf8_unicode_ci;

INSERT INTO `messages` VALUES ('1','215','136','Aut dolore libero odio consequatur. Nemo itaque numquam tenetur doloremque dolor. Dolorem libero doloremque dolores consequatur.','1972-11-13 22:00:39'),
('2','461','101','Esse rerum quia explicabo beatae harum nulla eaque. Ut exercitationem quod ad. Est accusamus exercitationem voluptatem necessitatibus eaque. Impedit blanditiis tenetur aspernatur nihil sunt ut similique.','2016-10-19 15:45:10'),
('3','149','119','Quo quia amet facilis consequatur. Praesentium deleniti numquam amet laboriosam id totam a voluptas. Nesciunt eligendi rerum omnis aut ut sed quo. Est id maiores voluptatum adipisci.','1985-09-09 04:57:49'),
('4','49','445','Omnis harum quas ipsa labore in molestias. Cupiditate omnis ea totam dignissimos id voluptates labore. Assumenda cumque autem totam dolor sint. Et explicabo sint provident in.','1989-07-05 13:24:58'),
('5','323','274','Totam temporibus velit aperiam quis voluptatem. Est accusamus molestiae maiores nam nemo iste quos. Quaerat repudiandae atque voluptates sed molestiae iusto. Et tempora rem ea.','2011-06-05 06:10:03'),
('6','22','265','Cum qui at in adipisci velit et corporis. Enim nostrum ex natus maiores animi amet. Totam rerum et fugit aliquam esse aliquam sit possimus.','1977-08-11 20:26:29'),
('7','369','425','Aut dolorum omnis nobis explicabo itaque. Nihil sed architecto velit dignissimos quia rerum inventore. Commodi ipsum adipisci delectus veniam alias necessitatibus inventore.','1994-06-10 16:58:17'),
('8','327','472','Rerum sint saepe accusantium at illo dolor rerum. Molestiae sunt officiis sequi aut ut similique quisquam. Id voluptatibus placeat non reiciendis blanditiis facilis corrupti. Nihil suscipit quam eligendi aperiam quidem sit.','2010-11-30 04:35:22'),
('9','58','366','Occaecati necessitatibus et reprehenderit voluptas facere provident. Vel aut et deserunt beatae illo qui.','1976-10-28 14:56:29'),
('10','261','471','Aperiam eum error laboriosam suscipit laborum reiciendis ut. Alias corrupti iure magnam libero quo ipsa. Voluptate cupiditate eaque impedit qui deserunt. Quisquam sapiente ut architecto.','1989-10-08 09:54:23'),
('11','306','61','Quisquam ratione ex eos quam quidem sit. Voluptatibus enim vel doloribus.','1993-11-02 19:32:06'),
('12','36','474','Amet est qui molestiae mollitia enim dolore sunt. Eos iure magni incidunt cumque eum ut. Excepturi consequatur facere accusantium et officia.','1995-08-31 09:34:28'),
('13','247','223','Et dignissimos vero consequatur rem assumenda sed. Aliquam qui et et error. Consequatur voluptatem consequuntur et officiis nihil deserunt harum.','2012-04-19 09:52:17'),
('14','436','36','Consequatur ad aliquam dignissimos similique. Iste nihil consequatur qui in quos eum nisi ratione.','2014-06-17 16:26:14'),
('15','42','142','Eius voluptatem excepturi quam consequuntur sit. Aut qui tenetur nihil in aut. Dolor ipsam dicta ut consectetur.','1991-06-02 01:13:56'),
('16','283','256','Numquam ut maxime enim veniam nobis expedita at. Facilis officia dicta aut autem debitis asperiores velit quas. Est et doloremque voluptatum quam.','1988-09-20 10:04:42'),
('17','277','243','Odio totam ea quis. Sunt magnam minima quia consequatur dolores. Doloremque autem aliquid consequatur. Magnam perspiciatis magnam molestias consequatur quidem.','1986-12-12 02:13:25'),
('18','357','426','Nihil rerum voluptatum nesciunt rerum illo ducimus non. Vel dicta commodi suscipit autem.','2013-10-01 21:29:01'),
('19','361','405','Sed similique non non fugit mollitia. Ut cum ipsum pariatur. Quibusdam itaque natus ducimus et. Aut quod mollitia aut perferendis nisi repellat.','1985-02-10 08:09:11'),
('20','370','184','Magnam consequatur molestiae numquam qui suscipit commodi ea. Velit corrupti at provident molestiae. Non et non delectus ea nesciunt sunt.','2003-07-04 07:25:39'),
('21','179','392','Fugiat vero dolore et et minus sit quae. Nobis quis repellat quis. Non voluptas eos earum dolorum in. Veniam accusantium necessitatibus quis qui sed. Incidunt perspiciatis doloribus pariatur qui laborum.','2006-11-20 01:05:59'),
('22','449','47','Officiis atque excepturi culpa et sunt. Dolore facilis quia et molestiae exercitationem. Provident et sequi tempora quidem enim velit et et. Accusantium et quis occaecati.','1999-01-10 19:55:02'),
('23','316','275','Facilis sit non minima id expedita vel. Sit ratione officia ut quod nostrum nam. Laborum soluta et voluptas laborum consequatur sit.','2000-06-20 19:10:08'),
('24','18','374','Nobis quam eveniet quod. Qui architecto est aut. Ratione a omnis sit velit aperiam sint.','2009-01-20 13:25:12'),
('25','141','279','Tempora corrupti atque accusamus. Molestias quasi sed adipisci quod.','1992-09-30 07:36:21'),
('26','345','446','Et ut molestias quam aperiam tenetur deserunt. Beatae eum rerum placeat sint. At nostrum eum doloremque optio ea. Quia sit aut aperiam quis similique aliquam illo.','1991-07-27 06:24:04'),
('27','339','381','Earum quo maiores sequi nulla magni. Modi voluptatem non sunt quia voluptatem.','1978-03-06 19:31:37'),
('28','419','86','Sunt beatae totam placeat consectetur. Aspernatur dolores esse et est unde quo reiciendis modi. Eaque nulla nemo nostrum illo. Enim odit illo ducimus molestias ut.','1990-03-02 00:42:10'),
('29','103','355','Saepe nihil laboriosam est dolorum provident autem vel. Quis blanditiis repellendus molestiae excepturi ea labore illo explicabo. Delectus sunt dolores tempore sit nisi. Ipsam laboriosam ea deleniti fugiat.','1975-12-08 15:01:51'),
('30','121','144','Quas ut culpa at ipsam reiciendis. Harum repudiandae ex non sunt. Illo rerum hic hic omnis illo eos. Voluptatem illo autem omnis fuga quia est at consequatur.','1988-07-18 02:44:13'),
('31','496','404','Nostrum ipsum ipsa hic sit nulla sint. Est voluptatem sunt ab autem. Beatae dolor consequuntur eos est delectus.','1999-03-05 07:24:53'),
('32','400','273','Enim eaque nostrum exercitationem sit sunt totam. Et ex provident voluptatem qui ipsam ut odio. Maiores reprehenderit quas blanditiis quia cum est.','1992-07-06 21:32:17'),
('33','146','256','Nostrum ducimus nesciunt autem optio sint cum fugiat. Ut voluptas deleniti ullam sunt et incidunt quae. Modi doloremque delectus possimus autem culpa.','2018-03-24 04:51:23'),
('34','199','7','Doloribus quas ipsam et dolor incidunt soluta. A omnis et omnis corrupti fuga debitis.','1971-03-28 19:44:50'),
('35','161','68','Voluptatibus nostrum minus pariatur sint maiores. Sequi dicta maxime ut.','1991-10-19 01:07:58'),
('36','191','339','Corrupti aut aut placeat at explicabo. Inventore mollitia saepe autem ad a nisi. Aliquid itaque ullam sunt qui.','1987-08-01 12:33:59'),
('37','460','139','Commodi quasi sunt ab eaque et recusandae. Hic non id quod qui ut. Sint reprehenderit perferendis vero molestias quaerat cumque. Ut ea qui nobis nostrum quia.','1988-07-13 05:44:44'),
('38','386','276','Vero architecto quia facilis porro optio repellat blanditiis. Aut earum omnis ipsa ea rem autem itaque. Doloribus explicabo officiis unde odio nulla quaerat.','1973-02-01 15:15:47'),
('39','414','404','Reprehenderit quia nobis aut dolor voluptatem nostrum. Commodi dolorem cum id qui officiis voluptatem. Aliquam nam nobis et est provident officia.','1974-03-02 10:47:40'),
('40','149','54','Et aliquam sed velit nostrum nobis animi. Molestias mollitia dolor animi sed ea fugiat adipisci voluptatem. Dignissimos minima ipsa mollitia corporis fugit. Cum vel saepe nam molestias eum.','1992-07-12 04:31:05'),
('41','182','494','Eos sit minus totam dolorem. Possimus quis et illum dolore eos veritatis commodi dolore. Quisquam id exercitationem deserunt qui rerum. Tempore molestiae et illum recusandae molestiae voluptatum numquam odio. Laboriosam autem optio eos cupiditate quas.','2002-03-28 13:19:21'),
('42','500','21','Nobis alias dolore deleniti qui hic veniam. Porro excepturi ab aspernatur id dignissimos eligendi odit quas. Hic consequatur maxime nihil quasi. Iure quae molestias aut quia deleniti est architecto molestiae.','1998-08-12 06:38:25'),
('43','374','419','Consequuntur beatae quo labore aut qui ratione. Et ut aut eos fugiat voluptatum. Et id natus unde.','1986-12-13 10:21:12'),
('44','107','476','Maxime accusantium at dicta nisi incidunt. Velit est nam cumque laudantium distinctio tempora. Adipisci omnis vitae quis est placeat. Quisquam nobis est repellat ex sint asperiores sit libero. Qui asperiores cumque minus dicta aut qui voluptas.','1998-10-28 19:08:44'),
('45','273','227','Mollitia aliquid cum ut perferendis et enim. Assumenda voluptatibus dolor distinctio optio optio illum. Doloribus minima quidem error molestias ratione distinctio. Dolorum aut et recusandae quia consequatur rerum vitae laboriosam.','1999-05-04 06:14:47'),
('46','120','269','Maxime voluptatem omnis sit. Ea id id consequatur cupiditate aut rerum eveniet. Culpa eos dolorem voluptatem quis totam est vel.','1979-12-04 03:57:43'),
('47','130','19','Explicabo cumque quos incidunt. Molestiae repellat sit qui voluptatem. Harum cum soluta ad quisquam ad. Maiores numquam eos quia id nobis et.','2002-07-04 12:59:02'),
('48','42','276','Velit in iure nostrum id vel. Non aut libero a natus aut cupiditate ipsam. Ex odit ad ad exercitationem hic ipsum occaecati.','1983-05-13 19:16:52'),
('49','274','240','Pariatur nesciunt accusamus harum beatae provident. Alias et sit dolorem aut et error. Iste illum enim dolor omnis autem.','1992-08-14 01:59:34'),
('50','282','435','Deserunt nihil dignissimos nihil placeat dolorem accusantium. Voluptatem veniam incidunt et tempora facere cum. Molestias voluptatem enim est sapiente maxime nemo.','1999-12-25 06:10:14'),
('51','308','473','Enim eligendi et rem. Ab quod deserunt animi ut est ex facere. Ullam quia explicabo sint quidem aut.','2009-05-07 08:44:51'),
('52','274','267','Aperiam distinctio nulla molestiae rerum et. Et commodi ipsa qui et ut. Saepe voluptatibus libero id sequi molestiae repellat tempore.','2007-07-02 04:02:07'),
('53','111','159','Blanditiis qui aut quo similique expedita velit. Praesentium qui exercitationem molestiae voluptatem qui officiis. Aliquid eum ex maxime et non voluptas consequatur. Unde totam reprehenderit et et quas animi ipsam.','1997-12-02 21:23:55'),
('54','42','24','Cumque necessitatibus est rem ut delectus. Est et non placeat aut magnam doloremque aspernatur. Iure repellat iure saepe molestiae accusantium. Molestiae perspiciatis dolorum et corrupti.','1988-03-15 19:54:09'),
('55','63','191','Et perferendis soluta sit dolore. Quo officia ut consequuntur aspernatur.','1979-03-20 11:54:53'),
('56','78','245','Cumque qui nesciunt ad libero sed atque eum. Asperiores reiciendis eum voluptates aperiam repellat eius sint neque. Sunt incidunt cumque laudantium aut. Perferendis voluptatem aut quaerat sunt necessitatibus asperiores.','1997-05-19 04:48:11'),
('57','184','77','Omnis et repellat eos est. Voluptate et unde qui voluptatum perspiciatis at est qui.','2001-07-02 18:10:00'),
('58','266','57','Omnis unde officiis sunt. Eum iure dolor quidem doloremque. Consequatur et accusantium et quia alias ut magnam. Esse atque minima nulla vel aut.','1997-11-27 20:04:40'),
('59','495','372','Officiis nesciunt sunt et omnis saepe iste. Qui ea porro aliquid incidunt. Voluptatem praesentium omnis illum omnis ea quos. Tenetur exercitationem non dolor autem culpa eveniet.','1999-01-04 06:24:06'),
('60','33','268','Officiis voluptatum ad delectus ut rerum. Enim et cupiditate expedita sit voluptatem. Aspernatur nesciunt aliquid quia corrupti. Enim qui numquam beatae qui repellat.','1996-03-06 06:28:14'),
('61','98','152','Nisi id in dolorem cum qui aspernatur. Porro consectetur voluptatum dolor molestiae. Ullam veritatis earum reprehenderit maxime. Omnis ut et neque non et amet dolore.','1976-06-05 17:18:52'),
('62','37','228','Facilis explicabo temporibus ut. Non consequatur voluptate et est voluptas saepe inventore. Voluptatum cumque cupiditate molestiae aut et. Neque blanditiis quis qui est eum dolore.','2008-09-06 14:53:42'),
('63','170','78','Autem est dolorum iusto eligendi. Unde fugit libero veritatis minus esse atque. Deleniti corporis aut numquam. Repudiandae corrupti quam sint ea voluptas molestias.','2002-03-27 12:14:55'),
('64','3','444','Sapiente quidem numquam cupiditate quia sed minima non. Fugit ut quibusdam excepturi harum odit aut eos sed. Cum ea vel eum sit qui minus. Quia sunt ab minus quod.','1988-10-13 02:39:32'),
('65','317','285','Vel asperiores quam ut dolores. Enim tempore tenetur animi cum. Aperiam debitis suscipit quia est molestiae enim. Beatae beatae aperiam autem consectetur.','2009-10-29 11:46:43'),
('66','378','125','Quo exercitationem quae ea ea porro quo et. Molestiae nam ut ipsum accusamus. Consequuntur qui quisquam nisi vero fugit.','1977-06-01 14:47:04'),
('67','257','151','Qui voluptatem sapiente ut suscipit laborum. Quo recusandae cumque ratione voluptatem. Autem temporibus nihil quis. Voluptas ea sed ducimus aperiam qui dolores. Laborum temporibus ea reprehenderit tempora sunt.','2000-10-11 17:02:12'),
('68','391','368','Maxime sed rerum harum maiores aliquid repellat. Voluptatibus similique illo animi quod dicta. Voluptas voluptatibus dolorum temporibus commodi vel porro distinctio.','1998-01-30 21:56:53'),
('69','310','432','Sint repellat consequatur voluptatem architecto tempore sint ut. Qui est in incidunt illo molestias. Beatae voluptates praesentium inventore error nam.','1987-06-26 12:18:17'),
('70','391','373','Nam ex atque eos et. Nihil sint aperiam velit sequi error ut ipsam. Consequatur voluptatem inventore eaque dolore nam. Delectus error ut et sint voluptatem aut molestias officia.','2010-03-03 14:29:52'),
('71','123','468','Totam ut veniam consequuntur itaque ipsa id eum. Dolore nostrum ea natus temporibus quam eius pariatur. Enim omnis aut labore voluptas similique.','2001-09-02 16:38:24'),
('72','118','306','Quaerat occaecati quia et eveniet laudantium dolor. Et odio et nisi et assumenda porro repellendus. Sed eos nostrum recusandae tenetur ab laboriosam vitae. Placeat autem sit saepe officiis omnis unde.','2012-10-05 10:12:59'),
('73','45','383','Aliquam magni magnam animi velit aut quo sit. Ipsum at aperiam velit nisi ut non ducimus. Cum nostrum ut perspiciatis iusto et fugiat illum doloribus.','1996-02-12 20:39:45'),
('74','362','40','Optio aliquid sit eveniet. Vel itaque expedita eveniet ea voluptas aut a omnis.','1992-08-15 22:26:07'),
('75','254','394','Vero et reprehenderit quia quis est voluptatem. Voluptatem fuga fugiat quia.','1970-09-11 16:48:46'),
('76','308','352','Ipsa a nam ipsum dolorem illum doloremque id. Aut voluptatibus error similique. Excepturi inventore at fuga et. Quas quos corporis dolorum numquam aut reprehenderit.','2010-12-10 02:45:11'),
('77','46','344','Blanditiis sed maiores expedita facilis. Corporis in dolorem et laudantium.','2005-08-11 00:51:50'),
('78','80','215','Non aut autem quae iure. Odit numquam sed molestiae a. Quo consequatur quisquam at quos. Sit dolores molestias iste.','1989-09-13 13:00:44'),
('79','422','83','Cum modi eius est consectetur. Harum est et dolor et totam omnis quo totam. Enim facere quia ratione sit animi veritatis quia. Et eius dolor ut illum est debitis at.','2016-07-12 18:44:03'),
('80','159','239','Illo rem qui molestiae aspernatur est occaecati consequatur eum. Laborum explicabo iure ipsam est adipisci. Ut dolor molestiae maxime repellat sequi. Cum labore sint eum incidunt.','1991-08-22 03:10:46'),
('81','367','37','Et omnis fugiat quam saepe. Id aliquam quod accusamus veniam id unde. Necessitatibus eum ab quam sunt et delectus.','1994-02-21 21:37:36'),
('82','363','124','Aut cumque nisi velit nemo. Aspernatur a quo voluptatem asperiores et id qui. Et et quis quibusdam ut quia pariatur quo similique.','2020-05-18 22:10:56'),
('83','187','253','Provident quis dolore nostrum nihil rerum error placeat beatae. Sunt voluptas possimus unde repudiandae veritatis quidem. Vel maiores sint voluptates voluptatem asperiores eos ut. Aperiam vitae harum quos et eaque rerum magnam. Inventore animi dignissimos qui sit.','2009-11-14 08:10:30'),
('84','491','497','Itaque molestias ut omnis non sit est. Excepturi odit quod quia ipsum non qui. Necessitatibus enim et tenetur et cumque a dolores. Perferendis odit numquam esse exercitationem cupiditate.','2010-05-14 18:52:44'),
('85','185','381','Ut quo fuga fugit nam. Enim adipisci accusantium architecto nihil adipisci officiis quis. Deserunt vitae itaque est ut deserunt officia cupiditate.','2005-09-15 16:27:02'),
('86','370','307','Iusto veniam quo nostrum perspiciatis voluptatum consequatur. Repellendus aliquid consectetur quibusdam autem. Necessitatibus nisi molestiae est dolor aliquam.','2011-04-05 02:19:19'),
('87','349','487','Hic autem temporibus impedit est ut. Quia qui eligendi recusandae sint. Maiores delectus qui illo sequi.','1970-05-03 11:57:58'),
('88','113','393','Odit sunt qui et molestias non ratione ab. Doloremque explicabo consequatur reprehenderit ut totam vel. Ipsa in beatae dolor sed eum. Illum accusantium totam vel quis.','2000-04-10 01:25:22'),
('89','369','474','Tempora necessitatibus qui sed minus perferendis quos. Architecto cupiditate rerum facilis et est. Nihil iure voluptatibus officiis. Veniam perferendis quibusdam minima et.','1980-03-26 20:40:29'),
('90','432','123','Quam fugit non culpa molestias consequuntur. Earum repellat ut explicabo quo qui magni aliquam. Nemo repellendus in magni neque nobis. Id a dolorem eum. Maiores eveniet harum delectus vitae.','2015-05-01 07:42:16'),
('91','368','239','Iste dolore rerum omnis blanditiis accusantium adipisci. Illo amet saepe cupiditate consequatur. Eum nihil error accusamus magnam molestiae eos sit.','1998-02-11 05:19:50'),
('92','475','413','Quisquam ut unde tempore dolorem eum. Et ut sint quibusdam repellendus sint ipsa impedit consequuntur. Eos esse mollitia rerum sunt. Dignissimos id explicabo consequatur labore laborum tempore officia possimus.','2014-01-18 06:17:46'),
('93','83','55','Magni asperiores voluptate voluptatibus quia est facilis totam. Est sit vel velit vero dicta quia repellat. Fugiat sed impedit architecto eius.','1984-01-31 08:38:34'),
('94','128','4','Amet laboriosam dignissimos sit ratione consectetur eligendi ullam placeat. Iusto aut illo repellendus maxime. Est temporibus eligendi aut et facere magni beatae.','1997-07-26 08:22:04'),
('95','137','286','Iste in ex aut maxime ipsum vero ducimus deleniti. Sit ratione aut repellat nesciunt aut. Inventore saepe quis velit quam quia deleniti deleniti.','2015-04-12 09:09:47'),
('96','242','3','Odio voluptas velit nisi illum porro. Quos laboriosam unde qui tempore accusantium esse. Molestiae et est qui.','2000-11-22 23:56:12'),
('97','322','104','Delectus ut sint nam labore ipsum rerum. Alias culpa vero illo est qui omnis beatae. Ratione dolorum molestias consequatur. Magnam optio consequuntur rem asperiores.','1983-09-15 17:39:26'),
('98','127','9','Voluptatem ipsa voluptate laudantium. Consequatur aut maxime blanditiis quos. Tempora aliquam veniam cumque fuga similique.','2000-07-23 21:36:51'),
('99','357','117','Autem in et perferendis ratione laudantium. Et qui eveniet autem quia. Ipsa adipisci neque dicta ipsa possimus sunt repellendus occaecati. Distinctio modi facilis consequuntur sed voluptatem eum ut cum.','2008-09-19 19:59:43'),
('100','6','42','Ea dolores eaque distinctio unde velit dolorem voluptas. Nihil est maiores rerum suscipit non. Excepturi expedita autem eos saepe id. Et dolorum et voluptatem voluptas.','1996-01-18 07:27:39'),
('101','498','375','Soluta molestiae dolores vel. Quia fuga quaerat velit accusantium ut omnis natus. Aut laborum soluta maxime.','1975-07-23 00:29:23'),
('102','348','346','Alias molestiae quidem impedit rem quis qui. Id ratione totam reprehenderit in ab. Assumenda architecto quasi culpa voluptatibus dolorum perspiciatis corporis.','1995-05-07 07:13:30'),
('103','361','460','Quo ea et a et ipsam natus. Natus sapiente et assumenda sed perspiciatis. Blanditiis possimus voluptas voluptatem dolorum qui qui et aut.','2006-04-18 05:45:14'),
('104','239','230','Veniam asperiores quos ad quod sunt accusantium. Suscipit non dignissimos sequi dolorem maxime optio cumque. Ullam ab ex vel. Quasi esse dolorum voluptate aperiam dolorum sit.','1975-03-27 15:49:46'),
('105','434','171','Hic atque inventore saepe suscipit voluptatibus consequatur sed. Rem corporis enim adipisci magni. Corrupti totam molestias aspernatur. Facere debitis eos debitis qui totam.','2013-05-28 12:06:54'),
('106','353','302','Accusamus et sed corporis et voluptatibus est. Odit ducimus dolor odio praesentium consequuntur laboriosam quos. Maxime enim eum minus unde vel voluptas non cumque. Harum distinctio perspiciatis ratione sunt voluptatibus eius.','2002-03-14 04:53:03'),
('107','410','328','Porro sed tempore ipsam. Ea praesentium et at ipsum. Praesentium reiciendis a molestiae dolor fugit.','1993-03-12 20:22:55'),
('108','214','492','Odit dolore recusandae aut vitae dolores. Aut dicta voluptatem deserunt repellendus corporis omnis molestiae inventore. Quisquam eum culpa dolorum ut voluptates quia.','1981-10-28 07:45:56'),
('109','382','342','Rerum praesentium atque quo nemo et unde ad. Omnis ut repellat natus vero. Cupiditate ut eum impedit amet impedit. Et dolores corrupti qui quis porro ea possimus. Cupiditate quam temporibus est sed nobis sequi.','2004-11-03 07:22:20'),
('110','496','18','Sint fugiat ut in deleniti consequatur qui. Beatae voluptas dolorem eos totam iure asperiores non. Aut neque molestiae ad assumenda fugiat esse culpa. Quaerat ipsum pariatur voluptatum.','1999-11-10 11:29:15'),
('111','128','238','Rem soluta inventore quasi deserunt non officia dolores. Perferendis impedit iure ea quia nam adipisci sed. Magni voluptate delectus ut occaecati. Voluptas et cupiditate corrupti aut magni. Officiis sint maiores quam commodi asperiores voluptas.','1996-05-31 14:22:33'),
('112','21','449','Totam commodi sunt itaque hic et quisquam libero. A autem magni veniam et. Dolor corrupti quasi facere voluptas sit incidunt aut nulla. Est omnis natus neque eos omnis.','1976-07-08 13:49:58'),
('113','342','147','Natus labore ratione nam. Doloremque ea sunt praesentium et. Facilis tempore eius dolorum autem quae eligendi nesciunt.','1985-08-09 06:08:30'),
('114','458','198','Eum qui non doloribus laborum. Dolores et vel repellat omnis iste sit. Quis eum voluptatum ut. Sint ullam officia accusamus. Optio qui eum laudantium ducimus ut.','2009-01-13 04:15:42'),
('115','264','463','Nulla cupiditate ea libero qui. Accusamus nihil non atque. Maxime tempora quae aperiam aut sapiente eligendi debitis. Vel enim non corrupti ipsum deleniti et et.','1990-03-15 06:56:20'),
('116','239','261','Eligendi qui aut fugit. Voluptatum fugiat et beatae earum quae corporis nemo accusamus. Et vel temporibus dolor itaque. Dolorem nostrum labore praesentium soluta.','1975-12-27 16:55:12'),
('117','338','87','Ipsa sed assumenda fuga sunt necessitatibus optio. Nihil distinctio expedita vero. Nisi quo porro id perspiciatis veniam qui.','1990-04-24 00:20:43'),
('118','106','199','Odio itaque sed et quo minus ea sed. Consequatur et saepe officiis veritatis laborum harum. Magnam eveniet non deleniti sunt sed vero et. Sit id neque ipsum facilis sed reprehenderit.','2019-12-05 05:42:31'),
('119','47','344','Delectus dolor repudiandae possimus rerum sit et consequatur. At harum tempora eum cum deserunt aut sint perspiciatis.','1970-10-03 06:33:14'),
('120','428','481','Ducimus id autem dolorum nihil. Minus animi totam occaecati ut sint aliquid. Excepturi sit accusantium itaque. Reprehenderit officiis assumenda est.','1970-07-02 04:43:01'),
('121','14','281','Omnis quo molestiae autem consectetur nesciunt eos non. Ad eligendi odio repellat beatae perspiciatis voluptatem. Eveniet facere in provident dolorem qui sit. Est fuga quia ut eius nostrum.','1991-12-25 17:22:01'),
('122','282','423','Accusantium et quia voluptatem fugit quis assumenda sed est. Eum aut voluptas molestiae aliquid autem dignissimos. Sed corporis est officia voluptatibus repudiandae. Culpa nulla iusto est tempore totam. Qui officiis amet ratione repudiandae atque eius.','1981-02-06 02:06:26'),
('123','108','496','Quisquam impedit autem harum aspernatur aliquam nisi. Voluptatem fuga recusandae id illo laudantium quis aut. Sint officiis itaque qui et dicta excepturi. Repudiandae voluptatem eaque possimus tempora tempora non.','1978-05-13 18:49:51'),
('124','415','489','Nesciunt sed illum vitae quis qui adipisci velit. Accusamus sit eos sed ea qui et cumque. Tempora neque porro molestias incidunt omnis est. Eum dolores ipsum suscipit et id.','1981-03-31 11:09:07'),
('125','337','410','Quidem ipsam voluptas doloremque. Distinctio quo ex facere occaecati voluptatem sit in similique. Sit ullam consequatur asperiores dignissimos soluta.','1998-04-03 21:42:17'),
('126','7','464','Id aut dolore cumque non autem. Odio dolores voluptatem eum aut. Nesciunt porro non suscipit doloribus exercitationem qui. Quidem delectus qui molestiae aut culpa voluptatem.','1970-01-14 21:38:59'),
('127','147','27','Eos eius quisquam non fugiat vero. Nam sunt possimus dolores architecto. Eveniet enim eum laboriosam. Autem saepe temporibus saepe voluptatem iure non quis. Rerum impedit corrupti fugit.','1987-01-24 12:58:38'),
('128','413','488','Recusandae velit eos dolorem accusantium nisi sequi et. Voluptas quas repellendus ipsam qui. Dolorem voluptatum numquam hic porro. Illo nesciunt rerum quaerat iure ab enim non.','2000-01-03 11:59:23'),
('129','174','371','Enim minus recusandae distinctio delectus. Cupiditate et consequatur pariatur quas. Explicabo ea praesentium aspernatur ea. Corrupti dolorem voluptas vel qui dolorum. Voluptatum iusto quidem repellendus pariatur.','2015-11-19 10:55:39'),
('130','186','437','Enim et cum asperiores sed aut aliquid magnam consequatur. Aperiam minus consequatur nam mollitia. Vero occaecati veniam sapiente vel.','1986-04-30 01:41:12'),
('131','333','425','Et cum qui consequatur architecto ad. Praesentium quia facere quia aut laboriosam.','2007-10-31 03:50:10'),
('132','197','171','Nihil rerum sunt neque sunt explicabo reprehenderit voluptatem. Qui molestiae explicabo vel molestiae. Et dolor laudantium id aspernatur quo.','2004-02-04 09:18:29'),
('133','12','303','Quia sapiente esse molestias sint tenetur est quod. Porro dolorum nam maiores in quidem dolores quod. Provident beatae perspiciatis quod et.','1996-12-23 22:08:55'),
('134','369','58','Non omnis similique perspiciatis et quas voluptatem doloribus. Neque doloremque dolore et. Magni nobis velit aut consectetur. Voluptas vitae et eveniet atque.','1992-04-29 06:49:13'),
('135','147','296','Voluptatem autem velit ut qui aut. Qui vitae nobis non porro. Fugit et ea occaecati. Exercitationem corporis quo nulla odio autem dignissimos.','1979-06-26 07:09:07'),
('136','39','160','Quia nihil odit repellat nobis. Dolores voluptas placeat corporis quibusdam quidem et totam. Sunt omnis quae quis ad consequatur quo laudantium.','1972-02-06 15:59:33'),
('137','77','320','Amet magnam fugit vel amet. Commodi ipsam ut officiis voluptate aliquam et. Blanditiis dolorum non cum quos ducimus. Porro aliquam esse dolor aliquam totam est.','1980-07-27 12:35:39'),
('138','83','184','Enim iusto at quos illum tenetur tempore. Omnis laboriosam fugiat cumque. Recusandae veniam quae alias.','1982-09-10 06:52:50'),
('139','316','498','Omnis vel neque quisquam rerum quia eligendi. Omnis nihil error suscipit maiores dolorem dolorem consequuntur consequuntur. Provident fuga dolorem voluptates cupiditate. Illo sit incidunt doloribus et. Eaque doloribus quidem ut doloribus veniam.','2012-11-01 10:19:50'),
('140','172','153','Illo laudantium doloribus cum culpa pariatur consequatur amet assumenda. Quidem quo eius excepturi deleniti iste debitis consequatur. Fuga ea corporis eius. Culpa odit occaecati natus dicta et totam voluptas sunt.','1981-10-19 20:53:50'),
('141','407','178','Vitae beatae dolor explicabo eum maiores eaque eos. Laborum iste voluptatibus mollitia excepturi omnis quas officia placeat. Tempore quia quis molestiae.','2019-09-12 22:54:43'),
('142','117','54','Sed nisi nulla sit asperiores at. Exercitationem officiis eum quis corrupti pariatur delectus unde et. Reprehenderit qui cum fugit sapiente quam veniam.','1999-11-20 01:38:47'),
('143','205','29','Necessitatibus consequatur in deleniti. Iusto illo laboriosam quasi magnam dolorum veritatis. In quidem aliquid atque voluptatem soluta suscipit est pariatur. Pariatur sapiente est aut architecto soluta.','2001-07-06 03:01:43'),
('144','42','379','Modi sed magni enim ut laborum error. Esse libero architecto aut numquam.','2006-12-13 16:06:39'),
('145','400','227','Aut quam voluptatem velit nihil placeat ipsa. Laudantium sunt corporis nihil. Veritatis neque ea odit eveniet minus.','1983-12-13 15:27:34'),
('146','315','232','Labore dolorem placeat dolorem odio aliquam sed et. Architecto id ex dolores qui labore eos. Ut dicta eum sit autem minus laborum nihil.','2006-03-03 22:54:55'),
('147','152','12','Amet qui voluptatem beatae voluptatem. Natus accusamus rerum est mollitia similique ut adipisci. Ut recusandae totam ut voluptatem doloribus. Velit quasi alias porro repudiandae perspiciatis quia accusamus.','1980-08-01 06:01:38'),
('148','403','163','Ab illo hic est voluptates dolorem officia unde. Dicta qui sed iure repellat iste et.','1973-02-25 20:54:59'),
('149','314','271','Nostrum qui est totam nulla vel. Facilis pariatur vero possimus. Delectus quod quo blanditiis. Facere molestiae aliquid est repellat laboriosam reprehenderit.','2011-02-14 01:34:40'),
('150','220','460','Id ut sunt distinctio inventore. Voluptatum quibusdam unde laudantium et eaque. Vero est fuga excepturi voluptas facilis ea.','1995-12-05 09:46:24'),
('151','67','259','Eos quasi et consequatur doloremque aut qui voluptatem laudantium. Corporis cupiditate ea incidunt sit quo aliquam animi. Voluptate sit modi illum distinctio qui sed. Quis ut nobis architecto ea et sint et nihil.','2018-12-30 04:36:00'),
('152','120','143','Hic rerum itaque laborum ut eius. Quasi iusto tempora esse. Sit amet voluptatem eum ut placeat. Earum rerum fugiat facilis sint.','1996-12-16 10:14:08'),
('153','79','203','Numquam quod sit autem incidunt. Est distinctio voluptatem dicta eum ratione. Distinctio autem minima dolor natus. Ut odio deleniti ducimus rerum.','1999-05-07 15:38:50'),
('154','326','394','Qui consectetur quaerat tenetur ullam delectus sunt. Cumque suscipit quia est explicabo et. Et nostrum blanditiis fugit commodi. Sapiente laborum soluta qui voluptatem quas.','1993-05-12 02:59:53'),
('155','200','498','Nemo odit corrupti ut sed. Ex est repellendus quia consequuntur facere rem. Quaerat est est eius quia ipsa sed omnis laboriosam.','1985-05-28 16:11:26'),
('156','47','107','Voluptatum doloribus labore sed eius sunt voluptatem delectus. Quo molestiae facere et. Aut error fuga rerum ea consectetur commodi id.','1987-04-24 08:06:17'),
('157','176','163','Sed eaque voluptas natus nihil qui et. Voluptates omnis aut molestias sint maxime facilis. Suscipit cum aliquid earum molestiae veritatis. Expedita et alias aut dolor.','2018-05-16 18:05:28'),
('158','161','381','Ducimus ut atque eligendi incidunt aut provident laudantium. Et consequatur aut quidem ut. Similique soluta laudantium qui totam. Dolores quis fugiat et laborum. Natus atque quod omnis porro non earum.','1981-05-27 16:46:47'),
('159','192','202','Nihil voluptatum qui et velit voluptas. Eos ipsa architecto impedit expedita vel accusantium. Architecto omnis eveniet voluptas dolor facilis.','1988-09-09 18:43:23'),
('160','259','91','Aliquid tempora sit iste quam doloribus. Quos labore id quis reprehenderit. Esse consequatur voluptatum rerum ea id dignissimos.','2003-07-21 21:18:17'),
('161','429','74','Itaque dolores velit ad quo rerum non. Vero ut consequatur aut maxime suscipit quis. Maiores ut veniam praesentium quam. Rerum dignissimos consequatur voluptatem id cumque molestiae quia.','1998-12-22 01:57:19'),
('162','323','80','Temporibus totam dignissimos nam perspiciatis suscipit qui tempora facere. Nulla ut perspiciatis saepe. Hic nobis perspiciatis dignissimos iure fugiat quas hic.','2018-05-19 11:59:02'),
('163','85','225','Et at sint laudantium dolorum aut. Unde necessitatibus ab dolor unde. Repellat eum accusamus animi beatae sit vel eligendi.','1986-01-14 22:57:20'),
('164','242','399','Nam delectus dolor in eaque ullam facilis. Et aliquam dolorum autem voluptas sint sunt. Praesentium rerum natus fuga quis quia reprehenderit accusantium. Nisi cum totam laboriosam dolorem saepe nisi.','1992-08-20 07:54:40'),
('165','495','462','Architecto qui dolores nostrum sit facere dignissimos maxime. Omnis nulla sint harum fugit voluptates et molestias. Consequatur magnam dolor sint est recusandae veniam sed ut. Error beatae id vel officia vel culpa.','2011-05-07 14:35:19'),
('166','359','61','Impedit molestiae rerum vel aut inventore. Placeat illo odio facere excepturi nobis hic. Perspiciatis minima alias est velit similique dolor id.','1970-05-30 03:27:38'),
('167','221','478','Ea mollitia nemo ex. Fuga blanditiis et id omnis odit beatae unde. Corrupti nulla reiciendis odit ipsum laborum repudiandae.','1992-07-05 20:22:50'),
('168','204','299','Deleniti repellendus voluptas ea cupiditate aut facere itaque. Animi sunt autem qui. Nesciunt odit et et ut. Velit dolorem rerum modi assumenda.','1999-06-09 17:34:39'),
('169','181','29','Debitis aut voluptates similique sed quisquam est fugiat. Quam et quia at soluta. Sit sapiente et magni ut non quas rerum. Recusandae necessitatibus eaque cum corporis natus vitae tenetur. Eos doloribus nostrum quia sint ut ad impedit.','1987-06-27 21:19:26'),
('170','193','380','Saepe nobis est quibusdam eum quia tenetur. Odit voluptas quisquam aliquam rerum eligendi voluptates exercitationem odit. Corporis vero dolorem consequatur velit ut.','1997-06-25 04:40:11'),
('171','26','239','Et doloribus tempore asperiores ab. Voluptas reiciendis explicabo blanditiis. Aspernatur consequatur ad sed totam dolor omnis. Quibusdam suscipit explicabo architecto aspernatur.','1987-06-28 14:56:49'),
('172','487','202','Possimus magni sequi id dolor in officiis. Est et doloribus a in. Ratione provident id excepturi reiciendis.','2016-09-03 05:56:16'),
('173','401','147','Voluptatibus sed quod placeat voluptatem dignissimos dignissimos. Iste id aut ullam voluptatem. Aut aperiam totam ipsam doloribus iusto nihil voluptatem vitae.','1995-12-31 11:09:27'),
('174','82','92','Aliquam omnis atque laboriosam voluptatem qui sed nulla et. Veritatis ad blanditiis tempore aut. Similique adipisci sint dicta quas.','2006-08-24 00:32:02'),
('175','348','340','Similique sit amet quo ex cumque rerum esse et. Voluptatem quas explicabo omnis incidunt animi incidunt.','1996-02-13 01:45:03'),
('176','183','277','Numquam eos soluta et. Adipisci ipsum alias doloremque. Sed qui quas occaecati modi aspernatur nisi laboriosam nihil. Non veritatis sed voluptate cumque quo. Aut ullam quisquam sit unde architecto in tempore.','1999-07-21 13:26:25'),
('177','413','5','Porro in voluptatem non voluptatum. Eligendi natus fugiat mollitia recusandae. Recusandae quia id nemo ad magni repudiandae dicta.','1977-03-23 07:42:40'),
('178','357','498','Consectetur odit assumenda commodi reiciendis et aut sunt. Et inventore sapiente sit magnam ut. Facere quia voluptatibus dolor in cumque vel. Sed sint consequatur neque ipsam asperiores. Sint laudantium ut voluptatem.','2014-04-29 20:51:31'),
('179','230','99','Reprehenderit harum fuga laudantium quia laboriosam sint. Quis doloremque reiciendis non. Dolores modi iusto maiores ipsam qui voluptatibus doloremque ab. Corporis voluptatem velit et quia et repellat minus.','1984-07-22 04:11:12'),
('180','396','224','Facere modi consequatur nihil repellendus et est. Nemo accusamus laboriosam non. Ea et totam dolorem sed dolor doloremque.','1971-01-12 07:07:41'),
('181','61','254','Id aut aut itaque sit. Quas natus cumque eveniet omnis. Optio voluptate eveniet porro odit. Dolor quam rerum dolores corporis consequatur.','2014-08-03 07:56:33'),
('182','285','281','Repellat eveniet adipisci praesentium cupiditate nam distinctio. Atque libero voluptates ratione reprehenderit accusamus quis. Eum delectus sunt dicta magni cumque. Nesciunt nihil consequatur quis corporis autem.','1996-07-09 19:42:14'),
('183','232','488','Eum neque esse et. Ut aut aut a quo nemo molestias et. Delectus porro quas repudiandae voluptas.','1970-06-20 19:56:53'),
('184','79','412','Odit repellat et velit omnis qui asperiores. Modi dolores totam ut hic eveniet dolor. Dignissimos iure aspernatur placeat facere rerum. Iusto et quasi aut tenetur.','1981-02-07 07:51:00'),
('185','17','271','Consequatur enim enim esse quam nesciunt voluptates. Voluptas enim quisquam officiis consequatur qui consectetur. Nam in labore molestiae asperiores ut autem autem.','1975-02-14 23:01:25'),
('186','292','43','Sunt minima unde amet accusantium maiores et. Et repellendus iusto inventore amet aperiam. Repudiandae soluta ut officia molestiae eligendi fuga.','1975-01-13 10:57:52'),
('187','9','279','Fugit quo ab beatae vero sed ut ut sit. Architecto exercitationem rerum omnis provident. Nisi repellat totam magnam quo incidunt.','1977-08-21 20:40:57'),
('188','244','410','Voluptatem neque tempore facere autem facilis nihil. Repudiandae harum natus beatae totam reprehenderit. Minus sed expedita odio eos qui eveniet. Quisquam beatae voluptatem possimus laborum.','1992-05-16 14:50:54'),
('189','425','325','Ut ut dolorem adipisci aut dolorum architecto molestiae. Id reiciendis maiores architecto aliquam vitae tempore est. Sed saepe maxime aliquam error. Id tempore voluptatem porro.','2015-10-06 16:47:55'),
('190','2','273','Hic et nesciunt est dolorem saepe. Nemo adipisci provident quidem magnam error id. Corporis adipisci rerum non asperiores. Et aut officia aut sequi et minima deleniti.','2011-02-11 06:12:36'),
('191','165','184','Accusantium consequatur quae consequatur at aperiam. Voluptate reprehenderit labore maiores esse quas.','1989-10-16 19:09:46'),
('192','49','78','Minus rerum est et aliquam voluptas qui. Totam debitis maiores inventore excepturi non et tenetur. Qui ut temporibus ullam voluptas. Ut et eius laudantium. Quibusdam dolore tenetur nesciunt quasi vitae et eaque.','1986-12-15 01:08:02'),
('193','189','406','Ullam rem et totam ipsum dicta. Temporibus occaecati sit aliquam est.','2018-12-03 15:46:46'),
('194','75','418','Consequatur sunt consectetur possimus tempora tempore id sequi. Dicta est error sed rerum dolor voluptatem. Optio quo ut quisquam assumenda vel perspiciatis in ut.','1977-07-06 22:22:12'),
('195','4','471','Quidem non velit quia dolore earum cum. Maxime aspernatur blanditiis sint doloribus natus. Aspernatur rerum consequuntur voluptatibus sunt ut. Nisi quis eos quo et amet cumque.','1973-11-04 09:18:35'),
('196','142','64','Nisi architecto reiciendis maiores omnis unde consequatur. Voluptatem amet consequuntur sunt velit. Rerum adipisci omnis a numquam hic vel. Minus et tempora praesentium explicabo corrupti voluptatum autem.','2003-11-16 05:10:13'),
('197','224','426','Similique nihil vitae molestiae deserunt. Voluptatem dolor omnis eos est sit non quae. Natus aut et tempore adipisci ex non. Dolor libero magnam et quos.','1974-10-18 14:59:39'),
('198','344','456','Veritatis ea consequatur voluptatum voluptas sapiente quisquam. Ut dolor nobis molestiae esse deleniti ipsam autem. Libero vero eos ipsam recusandae amet amet sed. Animi ea recusandae et voluptatem est atque qui.','2009-04-29 22:09:49'),
('199','414','423','Asperiores id et placeat. Repellat enim delectus ab facere. Sint et perspiciatis hic ad nobis. Aperiam iure velit sint accusamus facilis eum.','1984-11-08 03:50:57'),
('200','368','430','Aspernatur ea repudiandae iste error ut. Corporis perferendis quod quidem. Asperiores iste et nihil vitae et laboriosam expedita. Voluptas similique et ipsum magni sit quas reiciendis. Fugit magnam fugit rem et ratione est illum.','2007-12-28 06:24:06'),
('201','194','159','Quisquam possimus aliquid cumque velit dolorum autem cupiditate. Qui officia sed dolore cum iusto. Harum dolorem dicta ea dolorum aut. Et totam ut deserunt saepe.','1996-11-03 19:46:57'),
('202','472','202','Odit hic delectus non qui. Unde quo nihil dolorem id aperiam consequatur rerum. Rem distinctio autem temporibus magni qui sapiente pariatur. Ipsam hic molestiae fugiat.','2000-05-15 03:06:41'),
('203','437','215','Excepturi deserunt quod distinctio et fugit incidunt quia. Dolores quia suscipit commodi veritatis sed nesciunt. Ut id quasi quidem dignissimos ad nisi quibusdam. Inventore eum et aliquid aliquid eaque quaerat.','1970-01-21 15:19:45'),
('204','112','362','Quia voluptas autem dolore eveniet. Accusamus nobis et adipisci vero possimus soluta dolores.','2006-07-30 23:57:37'),
('205','40','113','Beatae molestiae illum adipisci officiis. Unde omnis id iusto facilis et nihil est. Ducimus dicta a quia exercitationem aut voluptate molestiae. Quaerat magnam molestiae omnis nisi.','1994-07-24 09:50:01'),
('206','134','205','Rem non et doloribus magni fugiat. Aut ab cupiditate velit facilis. Rerum in ducimus perspiciatis quia voluptatem porro. Est repellat eum minus autem quas qui.','1988-07-15 19:08:48'),
('207','297','183','Provident cum sunt molestiae doloremque. Enim ea odit earum consequuntur quidem. Dolores tempora distinctio laudantium autem nihil dolor.','1972-08-20 11:38:46'),
('208','282','485','Tenetur quasi officia eaque quia. Vitae omnis sapiente modi vel ullam. Beatae magnam odit nam et possimus. Odit at quisquam architecto quia.','2008-01-17 13:37:37'),
('209','88','356','Quo nobis deserunt tempora iste fugit. Cupiditate corporis porro est inventore et. Est pariatur fugiat a ullam autem molestias. Quo qui velit rerum earum tempora enim. Ut ab nam nobis corporis.','1985-05-18 14:42:33'),
('210','403','92','Reprehenderit minus eveniet quibusdam quo asperiores possimus. Laudantium quo laudantium voluptas sit amet. Facilis omnis adipisci culpa nam. Dolorem quod quo dolorum odio.','1989-10-23 06:17:05'),
('211','326','44','Velit nihil perspiciatis commodi minus illo. Quibusdam qui officiis ipsa quis tenetur sint. Est similique omnis at rerum officiis corrupti dolores.','1991-06-25 15:19:19'),
('212','155','50','Qui enim doloribus fuga doloribus deleniti accusantium dolores totam. Iusto voluptas qui ut quia. Vitae non sapiente culpa quam tenetur ex rerum.','1984-05-13 06:32:50'),
('213','470','499','Culpa illo voluptatem pariatur fugit molestias id. Fugit sint enim at dicta rem architecto corrupti. Corporis libero eos qui qui ea perspiciatis officiis. Officia ipsum aut deserunt harum.','2011-04-03 02:56:43'),
('214','6','383','Quis a ab commodi repellendus. Est veniam omnis qui dolor voluptatum aut dolores quia. Non voluptates adipisci doloribus laboriosam sunt qui explicabo ipsa. Totam cumque harum dignissimos corporis pariatur porro non.','1990-09-08 02:21:13'),
('215','422','373','Culpa numquam aut consequatur. Quaerat libero a libero omnis.','1978-06-18 22:12:32'),
('216','312','115','Doloremque magni harum voluptatem illum quis et. Consectetur quo repudiandae vero quam tenetur corrupti eos. Et corporis sint inventore quia. Voluptates ut aut amet error sed. Consequatur ad ad quam aut vero temporibus earum fugit.','1999-06-10 15:19:12'),
('217','31','284','Et molestiae aut ratione. Nihil veritatis sit culpa sequi quo. Consequatur qui laboriosam voluptas voluptatem expedita. Totam aut excepturi quia excepturi assumenda saepe molestiae.','1982-07-21 22:42:15'),
('218','316','468','Eum et odio veniam aliquam. Provident quas nisi ratione dolorem. Cum expedita nobis quam sit laboriosam accusantium. Distinctio qui ex aut aut quia. Dolorem eius consequuntur saepe ut itaque.','1989-07-21 20:18:19'),
('219','499','428','Vitae autem temporibus cumque quibusdam dicta totam vitae rerum. Amet vero ea maxime temporibus ipsam. Id libero rerum quia sunt excepturi rerum cumque veritatis.','1982-07-29 06:33:30'),
('220','330','38','A ut quaerat maiores quisquam. Beatae consequatur est suscipit quisquam est et omnis maiores. Odio sit assumenda dolor consequuntur nemo.','1971-05-22 19:26:40'),
('221','40','463','Quia distinctio sequi nihil rerum veritatis sed facere. Quo qui harum excepturi qui. Eum ratione vitae qui eos quia hic. Blanditiis et quis et quia sunt repudiandae. Blanditiis fuga aperiam eos debitis minus a magnam.','2011-01-07 13:37:35'),
('222','242','336','Perferendis quis odit quo laboriosam culpa magnam libero. Libero eaque consequatur recusandae repellat. Quaerat cumque minima omnis dolorum commodi recusandae velit error.','1973-11-02 17:22:06'),
('223','146','24','Aut autem velit maxime fugiat culpa voluptatem laboriosam aut. Modi illum et odit eos est laborum amet. Reprehenderit eius ut dignissimos dolorum. Commodi beatae voluptatibus totam accusamus perspiciatis quo quia aut.','1988-08-18 00:16:36'),
('224','321','233','Atque voluptas aut ratione aperiam pariatur cum nostrum harum. Aliquid delectus similique recusandae autem. Illo sed omnis quibusdam enim. Quia excepturi iure nesciunt.','1981-11-08 04:42:51'),
('225','380','223','Qui quibusdam aut aliquam voluptates officiis iure. Eum vero consequuntur distinctio sit expedita ducimus libero. Eaque aut omnis vel dicta quis in perferendis. Sed enim quas hic quo alias et. Occaecati error qui assumenda ipsa accusantium sint voluptas.','1976-01-14 21:38:23'),
('226','325','206','Harum qui repudiandae amet sed non. Nemo fugit non dignissimos et quasi labore. Deserunt sint facilis dolor dolorem pariatur.','1995-09-24 05:15:05'),
('227','267','479','Libero necessitatibus distinctio quia omnis aut iusto dolores. Voluptates iusto ab nulla quia eos. Nihil voluptatem voluptatem sunt porro et. Pariatur aliquam architecto neque laborum alias praesentium.','1984-12-17 10:51:26'),
('228','256','236','Praesentium mollitia provident nemo. Numquam debitis necessitatibus corrupti officiis quaerat. Soluta magnam dignissimos ipsum.','1979-06-11 00:42:19'),
('229','478','261','Amet qui excepturi praesentium qui. Blanditiis dolores explicabo voluptates sint. Laudantium rerum magnam qui placeat.','2007-01-02 00:15:08'),
('230','118','399','Quia sint nulla possimus id in consectetur sit corrupti. Magni sit voluptatem et qui. Officia repudiandae tempora id nesciunt. Non ut itaque magni velit alias eaque.','1974-03-28 18:20:07'),
('231','133','430','Ab excepturi itaque aut laboriosam vel quia. Aut dolor sunt aut. Reiciendis dicta rerum repudiandae nam natus mollitia ex. Distinctio placeat non harum dolore distinctio dolorum omnis. Eum aut aut voluptatem.','2015-02-01 22:25:59'),
('232','13','164','Dolores id sit dolor. Qui quas non necessitatibus aliquam facere doloribus. Aspernatur at consectetur ut ullam. Sit nihil ea voluptatem autem illum molestiae.','1985-01-06 19:46:02'),
('233','213','329','Aut quis ipsum optio dolores eos id. Iure magni quasi itaque recusandae cum. Non dolore quidem accusamus et tenetur. Veritatis sit saepe dolorem nemo ducimus non.','1973-07-27 19:08:02'),
('234','131','211','Excepturi voluptas nobis neque suscipit architecto earum. Ipsum molestiae corrupti maxime fugit dolorem voluptate itaque. Pariatur ex et facilis. Incidunt vitae voluptates doloribus consequatur dignissimos.','2010-12-24 20:25:34'),
('235','256','460','Odio ea aspernatur neque. Cumque veritatis sed aut. Impedit dolorem provident deserunt blanditiis harum rerum. Voluptate minima fuga culpa dolores fugiat eius.','1980-07-04 22:01:44'),
('236','248','296','Voluptatibus tempore magni aperiam quasi quos. Commodi amet cum velit minus et. Iure qui cupiditate voluptatem repudiandae sapiente ut ratione. Exercitationem debitis qui quidem fugiat.','1985-05-01 14:22:34'),
('237','423','490','Ut molestiae autem enim qui distinctio voluptate autem. Id fuga placeat voluptas quo. Recusandae et ea assumenda ipsa dolor laborum natus. Eveniet dicta iusto itaque nihil quaerat recusandae. Et fuga omnis placeat voluptatem praesentium.','1982-12-09 00:59:58'),
('238','132','68','Esse voluptatem ducimus tenetur. Delectus voluptatem occaecati enim sit dolorum. Dolores quo est et excepturi.','1986-11-07 10:58:35'),
('239','14','452','Qui sed est temporibus. Eius asperiores veritatis earum eveniet. Id occaecati aut fugit occaecati minima. Est quia explicabo aliquid tempora.','2015-08-13 21:12:46'),
('240','301','393','Nesciunt architecto quos aliquid veniam hic at ut. Nulla mollitia ut alias iste necessitatibus vitae deserunt. Quibusdam repellat dolor occaecati accusantium aut sed corrupti soluta.','1988-11-20 08:59:58'),
('241','175','125','Voluptatem ut voluptatem ut ipsa quam. Reiciendis ea placeat occaecati consequatur porro labore. Expedita eligendi autem neque ad sapiente. Ut dolores molestiae dolorem mollitia.','1988-04-06 05:30:37'),
('242','98','441','Adipisci ipsum aspernatur quam in. Doloremque voluptate enim dolore. Ab sunt magni provident libero facilis.','1982-12-27 04:56:07'),
('243','104','354','Numquam est corporis hic quia et. Nesciunt sed sed ad assumenda officiis. Eius alias earum sint cupiditate rerum vero voluptatem. Dolores repudiandae accusantium excepturi.','2009-10-14 18:55:26'),
('244','176','82','Veritatis laboriosam quasi fuga commodi veniam temporibus ipsam. Quaerat aut magnam aut veritatis incidunt sit autem. Sapiente fuga porro nam et consectetur est tempora.','1992-02-06 19:41:40'),
('245','114','293','Sed rerum eos ducimus adipisci est qui. Error eligendi omnis amet expedita magnam repellendus. Deleniti cupiditate nihil blanditiis doloribus.','1983-11-29 00:13:00'),
('246','480','246','Quidem atque architecto quia consequatur in laudantium. Ipsam id et corrupti. Voluptatem modi aut veritatis deleniti voluptatibus quaerat.','2006-12-06 22:32:53'),
('247','222','493','Laboriosam ab soluta in quia consequatur dicta. Assumenda ut est quis quam quo est repellat fuga. Sed veniam et voluptatum magni sequi. Tempore explicabo omnis exercitationem perspiciatis et voluptatem eos.','1981-03-02 12:52:02'),
('248','409','434','Iure quaerat ea odit aliquid. Quas voluptatem fuga aut magnam ducimus aperiam. Et est reprehenderit dolores voluptatem sit vel quibusdam. Est aliquam perferendis iure impedit enim.','2015-03-30 22:13:08'),
('249','322','40','Atque provident enim neque. Ex rerum qui porro in recusandae omnis. Commodi molestiae quo voluptatem est non vitae impedit. Laudantium explicabo et ullam quis eos consequatur.','2014-09-17 09:22:54'),
('250','144','78','Quasi rerum vel debitis autem sit. Inventore pariatur fugit eum in quis animi numquam. Exercitationem id et maiores libero non consequuntur et.','2008-10-02 00:11:22'),
('251','500','392','Consequuntur itaque nihil non architecto. Aut illum facere dicta architecto voluptatem accusamus. Sit modi error sunt quos. Nam quam quidem consectetur doloremque quam et consequatur animi.','1983-09-16 11:44:13'),
('252','373','422','Libero quos dolores perspiciatis similique et. Ratione aut molestiae laborum cupiditate et culpa optio deserunt. Et et et beatae blanditiis iure consequatur voluptatum itaque. Commodi et et eum quos necessitatibus.','1989-03-15 08:19:32'),
('253','382','4','Sit dolorem quaerat fugiat. Occaecati quod inventore aut dolorem quia ullam. Placeat minus error quis quo. Ipsa accusamus cum est sint non possimus impedit. Dolorem et labore alias.','2005-07-06 14:21:55'),
('254','490','396','Aut ea voluptatibus ab consequatur. Cupiditate sed minima quisquam amet. Est nemo recusandae inventore quod labore.','1986-01-23 13:04:36'),
('255','456','291','Labore nisi quo aut. Est quia quaerat eos culpa quasi assumenda odit. Quisquam sed et delectus veniam repellat enim occaecati. Dolores nobis consectetur laboriosam adipisci pariatur vitae.','2016-07-03 03:50:34'),
('256','288','130','Exercitationem atque provident voluptas qui ut quae. Possimus voluptatem earum provident incidunt illum dolor. Dolores enim ipsum culpa aut consequatur consequatur nesciunt.','2007-11-26 19:12:23'),
('257','415','386','Placeat quo dignissimos velit. Commodi earum odit sed. Molestias eos numquam culpa. Voluptatum voluptas facere non eveniet.','2005-01-31 19:05:59'),
('258','70','19','Recusandae et veritatis est magnam modi velit consequatur quidem. Omnis eum natus unde eos distinctio ut excepturi sit. Quasi non culpa facere ad quam.','2009-11-12 06:21:08'),
('259','239','245','Ratione dolores suscipit delectus veritatis recusandae. Error similique rerum voluptatem eligendi culpa alias. Accusantium molestias blanditiis vel pariatur corrupti nobis consequatur id. Corporis quod eveniet quia ea.','2007-09-09 18:57:37'),
('260','100','353','Quia et laboriosam officiis ullam quibusdam. Eaque facilis quibusdam facere in nihil. Molestiae error doloremque dolore.','2018-05-15 12:32:52'),
('261','38','80','Qui maxime quia est nesciunt soluta reiciendis. Temporibus quos aut optio sunt dignissimos consectetur. Sapiente alias autem eaque unde quis. Neque atque esse et voluptatem natus.','2002-04-06 04:29:27'),
('262','98','259','Voluptates vel ducimus necessitatibus rerum amet ducimus quae. Sint nesciunt est et est ducimus non. Velit sed voluptatum quam hic. A nesciunt necessitatibus tempora vel.','1986-07-15 12:14:32'),
('263','72','6','Amet qui dolorem illum explicabo eius accusantium pariatur inventore. Nostrum numquam omnis qui incidunt quos non nisi mollitia. Cum dolorum fugiat odio incidunt ut omnis. Qui velit eos saepe laboriosam ipsam.','2018-04-28 14:25:26'),
('264','193','393','Ad voluptatibus dicta velit earum consequatur. Unde consequatur nihil esse fuga eveniet facere. Natus sapiente deleniti iste dignissimos reprehenderit iure.','1971-01-07 06:15:04'),
('265','46','337','Hic praesentium a iusto aperiam dolorem totam. Modi omnis earum quas quasi qui molestiae qui cumque. Accusamus libero voluptatum earum sint architecto nulla.','1991-07-05 15:57:32'),
('266','471','45','Est in delectus et commodi laudantium porro. Accusantium soluta aut voluptas molestiae sit deserunt. Omnis voluptatem necessitatibus quo.','1987-05-14 04:58:44'),
('267','229','343','Quod ipsum excepturi harum maiores ducimus. Rerum quidem sunt doloremque debitis corporis molestias fugit. Quia tempore et et modi praesentium optio minus vel. Qui inventore tempora est voluptates sit.','2017-07-19 17:25:35'),
('268','467','111','Dignissimos et eveniet eum laborum vel cupiditate. Officia expedita eligendi voluptate in ut voluptates doloribus id. Aut unde sit deserunt unde rerum sed.','1976-11-18 18:01:34'),
('269','347','456','Qui consequatur debitis nam expedita dicta animi ducimus. Reprehenderit nihil natus consequatur. Voluptas sunt vel fugit id nisi.','2005-03-01 13:26:59'),
('270','6','302','Ut earum aut dignissimos cupiditate voluptatibus recusandae quos. Rerum et in deleniti sequi aut. Cum aperiam ipsam debitis deserunt dolore. Ut eos natus sit dignissimos perferendis.','1994-09-17 11:00:46'),
('271','247','294','Et officia quod ut numquam quis porro. Dolorum voluptas minima consequatur alias quidem. Voluptas repellat non rem quis modi voluptates unde voluptatem. Sapiente architecto sit alias est sed provident.','2003-06-29 16:31:09'),
('272','431','162','Inventore voluptatem sequi praesentium at sed officiis laboriosam. Harum illo enim provident corrupti quos ut ex libero. Magnam aliquam sequi nobis rerum error. Mollitia non aut incidunt deleniti rem qui inventore. Explicabo veritatis est quisquam perferendis voluptatem nulla minima autem.','2014-03-17 23:10:26'),
('273','180','1','Molestias accusantium tempora eveniet quaerat dolorem autem qui. Nihil ratione et autem sed rem et nobis. Ducimus saepe sequi libero neque itaque molestiae ut.','2016-01-08 13:41:17'),
('274','180','419','Voluptatem iusto dolor magnam ullam tempora perspiciatis provident. Dolores nostrum non vel illum. Qui modi minima et debitis. Suscipit necessitatibus id dolore aut sint ratione eaque.','1984-07-21 04:48:25'),
('275','245','280','Vitae aut deleniti amet totam. Laborum rerum fugiat placeat voluptatum unde. Deserunt et aspernatur et unde repellat. Maxime inventore et facilis nemo.','2009-07-13 10:32:54'),
('276','271','283','Sapiente quia qui ea ut est. In necessitatibus dolorum nihil voluptatem commodi qui odit. Iste nulla voluptatum eaque deleniti facere.','1999-12-31 20:11:43'),
('277','359','369','Corporis adipisci est rerum quam et. Dolore reprehenderit aut sed. Quae et voluptatem voluptate eligendi autem harum. Maxime occaecati eos repudiandae odio ratione. Et distinctio animi tempore est.','2009-08-22 04:57:31'),
('278','42','430','Laboriosam qui quae beatae. Quae quidem ducimus molestiae laboriosam et sunt. Dolor id quo soluta quis.','1990-06-15 15:25:46'),
('279','374','234','Vel magni occaecati non illum ex quidem magnam. Quis error voluptates nobis eveniet impedit in. Ratione soluta autem id sunt. Quia totam ut fuga impedit. Nihil blanditiis sed qui voluptas voluptatem.','1988-02-24 07:45:36'),
('280','323','420','Molestiae nostrum magnam autem. Est fugit magnam sequi voluptatem magnam quia corporis. Laboriosam iusto tenetur nemo autem. Repudiandae assumenda sequi dolorem quae iusto reiciendis.','2005-04-20 19:45:26'),
('281','71','293','Est occaecati doloremque voluptatem. Voluptate beatae nostrum repellendus aut voluptate. Odit saepe dolore inventore eum eius in. Dolores eos qui officiis aliquam officiis nulla occaecati.','1987-03-16 00:25:47'),
('282','464','300','Maxime perspiciatis velit incidunt repellendus. Unde illo velit quia dolores aliquid pariatur. Expedita aspernatur totam asperiores doloribus. Harum harum molestiae sit ipsam dolore cumque qui.','1994-03-04 08:50:48'),
('283','136','430','Praesentium commodi expedita molestias fugiat. Animi adipisci et commodi alias adipisci. Sint doloremque aut quo. Voluptatibus excepturi cupiditate non quis nesciunt quam.','1979-06-13 00:50:00'),
('284','410','482','Blanditiis deserunt totam rerum et omnis. Magnam aliquid corrupti libero voluptatem expedita est repellat. Quos mollitia iure recusandae et aperiam libero ea.','1981-04-10 17:41:25'),
('285','386','416','Sit amet aliquid maxime omnis. Veritatis dolores nemo illum et. Earum optio nam et quisquam. Dolorem et debitis et voluptatum cumque doloribus.','2015-11-16 01:23:44'),
('286','284','132','Labore voluptatem aliquid sunt omnis deserunt tempora soluta. Hic deserunt ea sit modi autem et. Labore perferendis voluptatibus rerum velit nisi.','2005-04-21 11:05:52'),
('287','210','214','Quasi quidem perferendis quia aut impedit. Consequatur corrupti est molestias qui. Iusto natus omnis sint aut sequi adipisci dolorum.','1983-12-29 12:06:38'),
('288','293','390','Tempora ut qui ea fuga nobis. Numquam modi est reprehenderit odio quae dignissimos reprehenderit debitis. Vitae qui aliquam et beatae.','2006-10-09 14:38:33'),
('289','215','473','Et voluptatum nisi est ea hic velit adipisci officiis. In blanditiis doloribus accusantium id sed unde. Eum accusantium dolor eos odio quas. Quia et sint sed nostrum at repudiandae dolorum nulla.','1976-01-13 13:53:25'),
('290','308','459','Blanditiis distinctio non aut exercitationem quia eveniet. Totam officia qui vel pariatur labore dolorem. Voluptates est sit aut ut. Nihil vitae ut vero libero qui quia eveniet.','1990-12-15 03:29:06'),
('291','252','79','Architecto nostrum quis et provident. Deserunt eum et nulla minima eveniet. Maxime veniam consequuntur tenetur vitae. Praesentium voluptate quia beatae cum. Rerum non vel dolorum.','1996-04-02 11:52:54'),
('292','241','110','Facere facere nemo harum expedita est. Iste voluptatibus nulla labore enim laboriosam. Repellat et corrupti qui non labore nulla.','1996-03-15 04:23:14'),
('293','447','282','Dolorem itaque sed ullam quia. Provident ut quo deserunt quia. Ratione quisquam voluptas earum ratione.','2011-10-01 23:31:35'),
('294','40','321','Corrupti assumenda minus alias dignissimos quo aut. Unde quidem aperiam corporis sed quos fugit. Mollitia iste ullam eos non repellat beatae ea. Sed aut omnis doloremque occaecati quos.','1991-02-06 17:47:19'),
('295','16','363','Non quas dolores iste maxime velit et. Porro possimus illo tenetur provident eos.','1997-03-27 06:10:00'),
('296','240','87','Voluptas neque ab ex tempora id odio inventore. Tempora ut nemo nihil pariatur odit labore velit. Adipisci saepe aliquam quaerat. Debitis quia aut voluptatem explicabo sed.','2013-12-23 16:10:46'),
('297','156','204','Perspiciatis qui laborum et exercitationem aut eos. Inventore ut neque nam nostrum.','1980-04-21 10:55:11'),
('298','386','292','Aut consequatur incidunt aut illum in eum blanditiis. Veritatis amet harum doloremque deleniti est. Harum repudiandae dolores culpa ad.','1975-06-13 03:44:53'),
('299','134','295','Pariatur in laudantium voluptatem quam sed eum. Est repellat vel magni accusamus sint nulla asperiores. Eius quos ipsam et. Quia at voluptatem veritatis. Alias voluptas incidunt quia eum.','2016-12-16 23:13:32'),
('300','273','19','Facilis id aperiam quo qui ut facere. Et expedita velit ipsum deserunt sed eos quos.','1978-07-18 11:39:28'),
('301','211','57','Voluptatum iure voluptatum magni aliquam libero nesciunt officiis maiores. Aperiam et culpa omnis ipsum.','2013-10-06 15:38:10'),
('302','151','420','In temporibus expedita architecto molestiae. Est debitis dignissimos molestias omnis quis in consequatur qui. Sequi omnis quaerat aut quas vero beatae. Aut id nulla voluptatum omnis et. Et earum mollitia cumque laudantium officiis doloremque qui.','2013-06-16 06:17:27'),
('303','270','444','Inventore fugit non natus quae autem. Et et eius et aliquam. Quos quaerat non dolorem quia optio saepe. Error quis qui in dolorem laboriosam earum in. Tempore quibusdam nulla qui quis.','1991-07-15 16:50:33'),
('304','309','484','At velit adipisci distinctio eos hic doloremque. Pariatur inventore maiores aliquid qui ea reiciendis. Doloribus tenetur consequatur necessitatibus doloremque blanditiis. Quae mollitia eveniet eum ab neque quis repellendus et. Veritatis non consectetur enim cum iusto in.','2019-11-16 18:05:01'),
('305','417','117','Accusamus corrupti impedit ut sit voluptatibus. Blanditiis veritatis sapiente illum eligendi consequatur. Enim est minima aut alias recusandae consequatur nihil.','2018-10-10 16:45:51'),
('306','443','168','Cupiditate illum repellat quae a ut ut. Reprehenderit aspernatur ut necessitatibus corporis a eaque. Explicabo modi perferendis et nesciunt laborum dolorem necessitatibus debitis. Nesciunt ut commodi necessitatibus.','1999-05-20 04:05:49'),
('307','196','184','Quas quia eaque voluptatem cumque quod. Nisi architecto rerum quae omnis suscipit quod sit et. Eveniet natus ipsa quo dicta est non omnis. Quis sit voluptatem praesentium.','1978-10-20 23:26:51'),
('308','278','143','Voluptatibus omnis magni nostrum vel qui et provident non. Voluptas sapiente fugiat velit deleniti. Unde cupiditate sunt minus similique asperiores.','2014-04-03 03:06:35'),
('309','466','318','Esse nihil nesciunt nostrum assumenda architecto amet. Aut et laudantium accusamus et dolores. Et ipsa exercitationem consequatur ex qui qui.','2000-05-27 05:24:34'),
('310','464','482','Qui blanditiis ut quia reprehenderit consequatur libero voluptatum. Recusandae fugit dignissimos quis dolor ipsa libero nemo. Facilis dolor blanditiis possimus occaecati illo quibusdam iure.','1993-03-10 00:47:12'),
('311','180','204','Et est voluptas enim delectus earum. Qui aperiam voluptatem aut tenetur ducimus. Et et labore accusantium magnam tempore nihil et.','1981-05-25 16:56:05'),
('312','68','336','Rerum optio in omnis sunt qui qui beatae. Non id deserunt tenetur aut ea nemo. Beatae cumque ipsum sed aliquid. Assumenda ut enim eaque voluptatibus placeat enim.','2015-12-27 08:19:15'),
('313','407','453','Mollitia fuga et quia in assumenda. Error aut minus nobis sit possimus dolorem eos. A perspiciatis et non omnis.','1996-04-10 04:02:35'),
('314','127','40','Blanditiis possimus maxime voluptatibus ut itaque animi nesciunt. Blanditiis in doloremque occaecati praesentium. Ipsum voluptate aperiam qui saepe ipsum dolorum sapiente.','2010-09-24 08:06:49'),
('315','248','400','Autem et dolorem numquam illo iste. Neque accusantium architecto sequi cupiditate est. Vitae iure blanditiis animi eum et. Deserunt praesentium velit repellendus.','1989-04-13 14:36:26'),
('316','59','458','Sed libero doloribus libero aut. Modi minima sit voluptatum ut officia corrupti. Ut et dolorem consequuntur nihil temporibus. Cum omnis voluptas accusantium unde non consequuntur.','1983-10-12 20:18:09'),
('317','456','209','Magni omnis voluptates iure mollitia molestiae. Placeat ab earum esse quibusdam non est. Natus nobis a velit cupiditate.','1986-02-08 01:34:44'),
('318','378','226','Eum quaerat commodi veniam voluptatem. Consectetur consequuntur non molestias doloribus.','2014-06-27 22:08:14'),
('319','153','186','Quisquam quisquam quibusdam sunt eaque eum. Nisi officia et id rem iste non optio. Provident minus fugit incidunt quisquam necessitatibus. Sunt non excepturi voluptatibus qui.','1988-03-11 14:42:48'),
('320','210','69','Omnis minus reprehenderit ea temporibus non. Quam eos voluptatibus non voluptates. Sed dolorem aut quo. Veritatis eaque quisquam neque iusto aut fugit.','2010-08-15 12:58:26'),
('321','303','152','Aspernatur cumque sint ipsa maxime. Similique sit quasi qui animi. Quam qui corporis aut. Pariatur consequatur suscipit quia esse qui eveniet.','2015-09-11 10:43:26'),
('322','236','498','Dicta dolorem laboriosam fuga ea. Repudiandae ex et voluptas nihil consequatur. Accusamus necessitatibus repellendus ut aut vero qui accusamus.','2020-04-01 02:51:48'),
('323','336','14','Facilis hic dolores ducimus assumenda sed qui. Est ipsa deserunt sit vel deleniti et consectetur. Aperiam omnis assumenda voluptatem veniam ea quia reiciendis.','2003-08-17 19:50:38'),
('324','140','302','Et ea non ipsa qui dicta neque. Veniam quas possimus laborum ad rerum. Amet vero et et iste veritatis. Deleniti occaecati inventore et dolores aut dolores magnam.','1980-04-26 22:30:21'),
('325','331','103','Inventore amet atque architecto ab. Aut minus harum laudantium quis. Eveniet beatae nisi ut dolorem et quam tempora.','1974-05-02 06:52:22'),
('326','283','10','Debitis odio quaerat quis laboriosam fugiat dignissimos non. Autem dolores consequuntur mollitia provident cumque molestiae. Commodi dolorem et reprehenderit odio. Itaque numquam ea reprehenderit ratione ut.','2014-05-13 13:09:05'),
('327','306','351','Eos et et veritatis tempora et beatae enim. Eos cupiditate harum laboriosam quae voluptatem est. Quaerat perspiciatis neque voluptate vel est. Consequatur aut numquam fugit accusantium rerum eum sed.','2002-04-13 20:46:41'),
('328','346','213','Unde sed voluptatem id sapiente harum. Autem praesentium atque atque assumenda dolorem reiciendis. Eligendi repudiandae maiores neque molestiae. Neque saepe recusandae est molestiae fuga veniam. Quos soluta laudantium qui laboriosam magni.','2001-11-05 01:32:44'),
('329','304','472','Saepe nostrum qui et quis pariatur rerum eaque. Vero nulla ipsum assumenda consequatur necessitatibus. Consequatur laborum laudantium quia qui. Eos doloremque id est est vel provident ab.','1971-08-03 06:22:42'),
('330','252','51','Quia nam omnis aut rem et qui consequatur illo. Aperiam et et voluptas fugiat. Repellat consequatur aut recusandae deserunt dolor et quod.','1974-10-28 11:07:20'),
('331','371','310','Dolore fugiat dolor reprehenderit quibusdam consectetur est minus. Architecto excepturi quis eos sed esse. Eveniet fugit incidunt quisquam eveniet reiciendis sit.','1975-11-12 12:02:26'),
('332','9','326','Corrupti qui commodi dolorem nisi qui autem. Fugit maxime perspiciatis magni illum est non pariatur. Vel iure saepe accusantium ex. Consequatur expedita odio atque ipsa sapiente.','1991-01-18 02:57:26'),
('333','19','386','Unde assumenda quos nesciunt sed. Molestiae harum ut sed qui. Assumenda ex maxime corrupti quae voluptate.','2017-06-07 07:16:34'),
('334','51','171','Voluptatem qui laudantium ab adipisci in saepe alias. Sed voluptatibus recusandae laboriosam nulla. Dolorum optio adipisci quia.','2005-07-25 05:19:17'),
('335','72','260','Nesciunt voluptate dolorem eaque dolorem et minus exercitationem. Consectetur deleniti et ad deserunt deserunt quo. Earum libero cum nihil eaque est sequi. Vel deserunt veniam ipsum et totam odio. Voluptatibus qui distinctio dolores est excepturi consectetur porro ratione.','1986-07-12 01:40:26'),
('336','240','374','Eos mollitia rerum animi atque vitae quae. Veritatis ut dicta dolor vitae voluptate omnis blanditiis.','1980-05-28 22:47:12'),
('337','412','476','Non consequatur autem modi aut veniam rem laboriosam. Assumenda ut incidunt quia enim quaerat id quae. Accusantium quae magni cupiditate beatae. Et qui eos perspiciatis qui hic consequatur. Minima mollitia voluptatem nulla consequatur tempore nobis.','1974-10-12 09:05:54'),
('338','372','248','Molestiae optio omnis ut. Quo facere cum impedit minima. Ut non dignissimos voluptatem. Eum rem est veniam voluptas eveniet ut dolores.','1974-12-18 15:42:41'),
('339','489','11','Sit sit voluptatem aut qui est natus minima. Est sint enim suscipit cupiditate ex quaerat. In aut in est cum iusto recusandae. Odit incidunt impedit rem autem.','1978-04-12 07:18:24'),
('340','49','319','Dolore possimus quasi fuga autem. Nostrum sed reprehenderit quia architecto quia dolorem.','2008-04-14 00:41:14'),
('341','114','332','Necessitatibus odit consequatur vitae culpa consequatur maxime. Quia libero vitae ex et repellat quisquam. Hic tempore et est est. Saepe est earum occaecati qui dolore quidem.','2002-09-29 16:43:35'),
('342','329','420','Fugit pariatur alias quis tempora dolorem modi reprehenderit. Eum vel quia nulla totam aperiam. Praesentium pariatur facere quia quod. Et reprehenderit nihil porro illum consequatur et nemo.','1970-05-20 16:28:11'),
('343','183','174','Rem consequatur sint sit maiores quas. Cum eaque debitis praesentium aut fuga. Animi eveniet saepe ullam sint. Minima perferendis in et excepturi at.','1988-06-30 19:01:00'),
('344','133','486','Maiores aspernatur adipisci nisi aut quaerat ut tenetur cupiditate. Fugit ipsum similique sit numquam consequuntur deserunt dolorem. Necessitatibus placeat repellendus id id.','1972-07-24 17:25:26'),
('345','146','384','Quia dignissimos esse itaque vitae. Aut tenetur excepturi et fuga ad. Sit ut id exercitationem.','1983-02-03 12:23:25'),
('346','36','16','Eaque quasi cumque commodi fugiat ut quidem qui. Praesentium reprehenderit saepe blanditiis consequatur et culpa nostrum. Distinctio ducimus rerum ut et consequatur totam eaque.','2013-05-09 08:59:14'),
('347','194','45','Accusantium dolores dignissimos tempora dolore veniam facere ex. Sit quaerat dicta nulla totam et et non. Provident laboriosam quasi corrupti tenetur tenetur. Sed et sed perspiciatis rem architecto. Totam dolor occaecati sunt.','1981-03-04 21:02:16'),
('348','342','213','Adipisci facere delectus assumenda quaerat molestias. Accusantium quo tenetur vel eveniet tempora. Maiores suscipit dolorum error quia eos et quas. Consequatur et pariatur esse quia voluptate eligendi repudiandae.','1977-12-16 01:58:38'),
('349','430','393','Ipsum qui voluptatum quis iure provident. Maiores ea fugiat nulla quo. Suscipit recusandae deserunt laborum est. Architecto magni fuga suscipit autem commodi.','2013-06-17 02:41:47'),
('350','384','2','Qui ipsam et quam delectus eum adipisci qui. Expedita exercitationem quos est ipsa voluptas qui nihil. Et culpa debitis veritatis dolor.','1977-01-27 17:19:03'),
('351','153','123','Nulla vero repellat illum sequi et magnam. Quod et omnis sit eum.','2012-05-25 17:36:46'),
('352','375','65','Quo nostrum qui iusto quibusdam dolor aut. Non fugit voluptatem eos odit esse perferendis. Sit perferendis eligendi in sint temporibus. Maxime excepturi quod tempora sint ea aut omnis.','1978-05-20 20:00:17'),
('353','98','246','Ipsam voluptates rerum voluptatem et eaque temporibus. Pariatur debitis beatae nihil incidunt. Sit ut maxime illo mollitia neque. Saepe ea provident ut non labore fugiat.','2008-05-09 09:25:43'),
('354','312','87','A numquam ipsa inventore enim ut. Tempora illum maiores porro quibusdam consequatur qui. Placeat ea delectus occaecati fugiat minima ad.','2019-07-05 20:28:00'),
('355','257','361','Fugiat quis consequatur quis neque repellat. Ipsam quis velit voluptatem illum illo numquam. Sint nihil facere aspernatur esse tenetur nihil. Dolorem facilis cum similique eligendi iusto est quia.','1977-01-11 13:54:06'),
('356','406','371','Voluptatem odit dolorem sit vero. Adipisci ipsa eum soluta odio veritatis libero. Tenetur fugit sit quo harum. Similique perferendis non doloribus quo.','2002-07-31 16:32:47'),
('357','193','234','Quia autem ea qui maiores ullam facere. Maiores tenetur accusamus omnis recusandae ducimus asperiores. Autem placeat quo nulla ducimus nesciunt.','2000-08-20 19:37:35'),
('358','291','375','Quia nam repellendus non a aliquam et adipisci praesentium. Fugit incidunt facilis provident cumque qui. Aut quasi architecto dignissimos perspiciatis magni. Magni quis reiciendis quam inventore deserunt earum explicabo.','2011-06-23 09:10:58'),
('359','408','423','Autem nobis ad minus id ut accusamus. Molestias odio voluptates eum quae rerum cupiditate. Aspernatur qui molestiae aut dolor et labore omnis.','1997-11-19 02:59:01'),
('360','360','54','Natus animi cupiditate quas et rerum. Doloremque assumenda delectus consequuntur id nesciunt est. Rerum voluptas modi quia cum. Cumque iste dignissimos dolores adipisci earum.','1987-06-09 21:32:43'),
('361','307','396','Accusamus dolore itaque quia quis molestias. Mollitia sit nam illo qui quisquam. Aut placeat voluptatem qui totam tempore est praesentium.','1995-10-25 05:48:57'),
('362','70','500','Cum autem enim molestiae sed voluptas. Placeat quia ipsa nemo possimus non dolores aliquam. Omnis magni facilis perferendis.','2019-09-20 16:17:16'),
('363','440','411','Molestias vel rerum doloremque autem earum omnis. Facilis iure recusandae consequatur quidem omnis architecto dolore. Quia nulla in facilis eos architecto et occaecati. Et consequatur architecto rem sint recusandae.','1981-11-29 09:03:37'),
('364','213','370','Veniam sunt consequatur placeat beatae voluptate ab. Consectetur rerum modi quo et voluptatem id non.','1995-06-11 17:04:35'),
('365','304','96','Corrupti libero at nulla veritatis officiis magnam. In fugiat asperiores eligendi accusantium ut ut voluptas est. Et qui dolor et quia tenetur cumque magnam sit. Enim autem laboriosam enim voluptate aspernatur magnam.','2014-08-09 09:04:53'),
('366','371','456','Voluptates itaque asperiores voluptatem ut recusandae totam. Iste voluptas aut soluta aut adipisci corrupti est. Rerum nam quod vel omnis. Voluptas aut ut accusantium quia atque nemo ad aut.','1973-09-25 09:03:09'),
('367','219','246','Quibusdam autem qui ducimus omnis perferendis iusto. Aut quis magni aspernatur molestiae ut esse optio. Velit illum alias qui perspiciatis.','2012-12-19 19:53:47'),
('368','21','317','Recusandae soluta quo assumenda quod. Eveniet rerum velit qui.','2007-07-26 11:49:06'),
('369','492','333','Aperiam impedit mollitia sapiente dolorum. Ut est perferendis aliquam nihil. Quisquam dolores modi inventore.','1972-07-08 22:03:23'),
('370','403','248','Sint praesentium voluptas enim expedita nulla et vero. Voluptates magni quis minima iure consectetur. Qui labore voluptatum corporis quia. Officiis voluptates occaecati excepturi quaerat et hic dignissimos voluptatibus.','1977-08-11 21:56:57'),
('371','193','308','Aut impedit adipisci nihil minus culpa odio quisquam sapiente. Tempore non eveniet voluptatem inventore in. Dolore quo voluptatem fugiat ut. Illo recusandae sapiente accusamus et minus.','1997-09-06 11:09:42'),
('372','119','386','Exercitationem laudantium minus et ad harum. Iusto illo neque et similique. Ab in illo sapiente est. Deserunt iste tenetur neque veritatis itaque autem quis necessitatibus.','1994-10-10 20:04:33'),
('373','42','409','Officiis commodi aperiam qui tempora aut. Et eaque fuga ipsam consequuntur consequatur. Non sit ratione iste expedita.','1971-01-16 01:45:06'),
('374','260','450','Illum et nobis aut animi illum veniam quia ducimus. Minus ex quia facere laborum officia et officia. Et aperiam maiores necessitatibus fugit quidem est.','1978-03-22 07:20:06'),
('375','332','120','Iure quis aut dolorem inventore placeat libero repudiandae est. Deserunt et vel iusto. Voluptatibus blanditiis nihil ratione et omnis modi ea.','2001-09-22 16:04:30'),
('376','3','138','Sint sunt vitae ad corrupti non voluptatem asperiores. In quia voluptate cum quidem qui aut. Sit odio ipsam in repellendus quis. Modi nostrum culpa quo consequuntur soluta dolor culpa qui. Quae delectus aut possimus quam ut iusto.','1985-12-13 03:33:06'),
('377','16','73','Quod reiciendis vero ab praesentium rem. Est aut et rerum consequatur. Perferendis inventore vel consequatur quisquam nisi amet odio. Sunt architecto dolorum corrupti.','2013-06-29 11:27:29'),
('378','138','456','Rerum velit officia cum qui facilis ut. Debitis sequi sit corporis libero error vero. Sed eveniet laborum voluptatem culpa voluptas dicta praesentium.','2008-11-17 23:01:24'),
('379','483','350','Et eos voluptatem nemo soluta illo ipsam. Perspiciatis possimus accusamus perferendis eum sed commodi. Omnis qui voluptatem est dignissimos molestiae sit maiores.','2012-01-17 22:32:18'),
('380','325','287','Voluptas iusto cum recusandae vel ut ipsum. Veniam eos eveniet dolores.','1979-06-11 01:17:57'),
('381','445','196','Voluptas cupiditate nesciunt optio praesentium nihil nesciunt laboriosam. Voluptas qui omnis dolore possimus repudiandae. Reiciendis cum dolores occaecati iste vel aperiam laudantium aperiam. Voluptas et aut doloribus exercitationem numquam incidunt.','2011-01-05 18:04:09'),
('382','242','164','Dolorum temporibus dolorem porro hic. Voluptas quidem illo reiciendis adipisci recusandae. At et distinctio minus. Aspernatur qui rerum soluta nisi quibusdam quasi.','1999-06-08 11:13:58'),
('383','441','263','Et accusamus maiores tenetur sit illum. Perferendis aut et ut sunt ut.','2014-01-01 20:25:15'),
('384','480','433','Voluptatem ipsam laudantium ut quos voluptatem cum. Et harum id laborum architecto. Inventore ratione quas facilis sunt deserunt quia.','2012-07-02 20:07:32'),
('385','95','382','Molestiae architecto doloribus cupiditate qui. Adipisci quam quos nesciunt sapiente. Ea ut aliquam qui quis iste ea sunt.','2015-01-29 01:34:49'),
('386','181','288','Aut a sapiente ipsam mollitia. Aspernatur qui commodi aut consectetur. Debitis consequatur molestiae ut hic delectus. Nesciunt non sit natus porro esse est.','2009-09-04 16:50:02'),
('387','190','299','Fugit aliquam consequatur quae quidem modi iusto. Ipsa vitae praesentium ut consectetur maiores. Ab veniam dolorum nihil in mollitia. Eaque amet sequi corporis dolores consequatur delectus vero quia.','1978-10-01 17:21:34'),
('388','173','232','At aut aliquid sit sint molestias alias magni. Vitae nihil alias dolorem laborum. Eos enim facere consequatur et hic.','2015-01-11 16:41:35'),
('389','208','433','Ipsa ducimus vel illo nesciunt commodi aut sit rerum. Consequatur fuga cupiditate aperiam omnis fugiat. Est fuga aut non ipsum reprehenderit.','2008-09-05 11:19:54'),
('390','181','39','Alias enim quidem vel aspernatur. Consequatur maxime nulla accusamus et. Et qui veritatis ut excepturi dolorum molestias ipsa. Praesentium nulla dolores qui hic rem velit ea.','2008-10-22 01:03:10'),
('391','52','184','Incidunt voluptatem dicta quasi a. Velit recusandae voluptatibus dolores rem veniam. Voluptatem eum ab occaecati rerum. Ad accusamus est odio et.','2018-06-16 01:04:23'),
('392','177','67','Quis enim iste amet alias. Possimus necessitatibus quia nisi. Voluptatem quo quibusdam est dolor quasi veritatis.','1998-07-02 21:15:58'),
('393','256','314','Quo cum et et minus non omnis. Omnis ut et unde atque consequatur. Cumque est consequatur perspiciatis rerum corrupti distinctio commodi impedit. Atque voluptatem suscipit explicabo in est.','2016-05-19 22:25:22'),
('394','22','239','Ut molestiae et sint occaecati voluptas nisi vero. Quam et possimus veritatis. Aut eos iusto architecto qui id id libero.','2001-08-04 07:51:41'),
('395','163','347','Expedita accusamus molestias et dicta nobis eaque sunt. Aperiam quia non dolores amet eius quia. Velit maxime qui quam.','1996-05-09 03:25:55'),
('396','25','108','Qui animi qui natus voluptatum facere ut. Atque cupiditate vel sunt eos et. Et facere rerum sed adipisci et et. Ab ea ipsum nostrum iusto quas eum ut.','1971-11-26 03:53:24'),
('397','42','267','Adipisci totam non voluptatum soluta et sint velit. Voluptatibus quis corrupti a nisi corrupti modi.','2011-12-14 05:56:47'),
('398','271','483','Nobis dolore quaerat enim architecto quae. Dicta vel ut ipsam aut qui. Provident placeat ab delectus consectetur totam quia dolores nesciunt. Minus illo facere iste molestiae est perferendis.','2013-04-08 08:12:07'),
('399','29','250','Minima totam dolorum quasi commodi molestias. Et vitae aliquam ab. Rerum magni ullam veritatis voluptas iusto. Veniam ullam velit delectus eligendi omnis vel voluptatem.','2013-03-18 19:08:35'),
('400','416','123','Deleniti perspiciatis quis ut et dolores. Debitis repudiandae quia id qui non animi a. Ipsum sed sint earum iste dolorem at quod. Rerum sit explicabo ut placeat voluptate. Eligendi laborum vitae deserunt.','2004-05-28 20:38:38'),
('401','132','96','Accusantium fuga et omnis est est. Quos autem odit voluptates incidunt doloremque dolores ab. Magnam nulla ipsam est ut in fugiat.','1974-01-09 01:44:26'),
('402','410','321','Illo quia explicabo debitis ex iusto. Quisquam occaecati temporibus dolore labore provident sunt. Et similique ea quae. Distinctio quam eum commodi maiores cum omnis.','1986-09-15 15:21:04'),
('403','394','83','Atque nisi aut libero quaerat sit possimus tenetur. Et quaerat incidunt est eligendi facere consequatur laboriosam aut. Velit officia repudiandae eveniet quo deserunt eius.','1995-06-20 17:45:59'),
('404','53','102','Facilis quae sunt ad corporis sunt sunt. Eveniet officiis sed corrupti consequuntur aliquam.','1976-06-06 09:45:51'),
('405','15','233','Vitae voluptatem omnis doloremque fuga. Quo dolorem ipsam ad consequatur voluptate debitis quae. Natus dolores cum sit nihil.','2015-03-06 15:11:32'),
('406','141','66','Quibusdam laborum fuga voluptas asperiores. Consectetur nobis dicta magnam. Culpa et possimus ipsa voluptates consequuntur earum asperiores. Dignissimos est iure ipsum in id in earum quidem.','1973-11-18 19:28:16'),
('407','417','317','Aliquid vel dicta molestiae cumque dolorem officiis totam. Laborum aut molestiae quia quas omnis dolor quas. Quasi est consequatur ut ea sapiente voluptatem reprehenderit. Molestiae aut et cupiditate.','2016-05-07 21:05:13'),
('408','133','173','Ducimus occaecati doloribus reprehenderit id iusto rerum adipisci. Sit necessitatibus iusto earum id. Tenetur quia debitis odit labore. At nobis voluptatum explicabo est aliquid molestiae et deleniti.','2001-05-12 22:44:06'),
('409','130','154','Velit expedita quam ab consequuntur. A earum qui suscipit ab dolorem deleniti. Temporibus incidunt sed optio tenetur voluptate laborum.','2019-08-03 11:32:43'),
('410','411','292','Voluptatem dicta in voluptatem quae ullam. Quibusdam fugiat aspernatur maiores dignissimos doloremque inventore excepturi. Quia cum consequatur minus assumenda voluptatem quo. Nobis quidem quae ut omnis qui voluptatibus ut. Sequi aut repellat ullam maxime unde dolores nesciunt.','1982-08-17 07:32:43'),
('411','1','436','Tempore unde ab saepe fugiat animi ab harum. Id vero enim aut et sequi. Adipisci quasi quis iure ut repellat ullam. Ipsam voluptas minus nam officiis id praesentium ullam. Voluptate eum reiciendis consequuntur aperiam distinctio laboriosam.','1972-04-12 22:46:14'),
('412','400','43','Voluptatibus libero sit sed enim rem qui dolor autem. Quo consequatur incidunt officia magnam. Omnis nemo vel a vitae dolorem et.','1987-08-04 12:42:39'),
('413','202','171','Eveniet corrupti qui a quibusdam et qui velit. Omnis autem ipsum omnis dolorum neque omnis.','1992-07-20 10:54:27'),
('414','26','231','Molestias facilis ipsum occaecati quia dignissimos excepturi. Aut odit molestiae magni ut et. Veritatis dolor pariatur qui voluptatem.','2014-06-25 01:20:15'),
('415','420','441','Vero aut accusantium inventore praesentium qui corporis architecto. Voluptas non ut repudiandae et rerum quam. Consectetur ut quis vitae illum dolores praesentium. Nobis magnam vitae repellendus asperiores.','1977-05-21 06:08:17'),
('416','353','52','Ea rerum rerum quia veniam ut. Optio reiciendis alias quia hic qui itaque. Rem vero sapiente minus. Nulla minus illum ea doloremque deleniti.','2005-12-13 22:38:33'),
('417','36','263','Eveniet qui fugit est officia beatae. Soluta incidunt ea officia voluptate blanditiis odit nobis. Nihil voluptatem harum natus similique. Qui quis velit neque laborum nulla expedita accusantium officiis. Quia sunt accusamus et nesciunt rerum molestiae.','1978-08-08 05:32:47'),
('418','373','430','Nostrum reiciendis sit odit suscipit non dolore et. Veritatis quis aliquid sit. Et occaecati animi non. Quos aperiam rem et repellendus ea atque vitae.','2008-12-23 17:03:48'),
('419','345','425','Ut porro aut modi consequatur expedita. Nihil rerum alias accusantium dolores rerum nulla. Dicta omnis illo autem neque sapiente odio. Quidem iure ea laborum doloribus quo iste.','1977-01-18 03:43:36'),
('420','31','359','Nesciunt est et culpa rerum omnis nulla. Quidem qui aut fugiat et temporibus eos suscipit. Qui esse omnis molestiae dolores eos mollitia velit odit. Qui id a sed autem officiis debitis libero. Cum porro aut officiis impedit accusantium.','1974-11-20 23:21:13'),
('421','158','172','Quia debitis blanditiis suscipit doloremque. Deleniti quaerat laudantium officia. Vel deleniti numquam eaque debitis praesentium architecto qui ut.','2003-03-18 20:32:04'),
('422','425','74','Rerum iure omnis et itaque et minima repellat. Omnis temporibus modi necessitatibus quia et odio. Non quisquam quaerat rerum quia qui illo. Porro voluptatem et eaque praesentium rem.','1988-11-24 02:37:45'),
('423','488','57','Quam voluptate id ea architecto velit deleniti incidunt. Ducimus hic enim asperiores facere in voluptate. Molestiae et temporibus sit unde nihil voluptatem laboriosam.','1975-01-19 08:01:33'),
('424','247','117','Fuga consequuntur earum corrupti porro voluptas. Dolore occaecati ea voluptatem quis quis itaque voluptatem sint. Minus doloribus tempora fugit sit quisquam id alias.','2011-01-02 06:25:55'),
('425','211','157','Qui deserunt consequuntur corporis a omnis quis dicta vel. Consequatur mollitia et aut autem nesciunt. Nostrum natus vel sint. Suscipit dolore aliquam tempora nulla quisquam.','1990-05-22 06:32:05'),
('426','409','211','Velit qui nulla minima. Amet ratione quod sed. Consequatur repellat officiis omnis vel facere molestiae dolorem. Consequuntur ut consequatur et et ullam dolorem.','1985-06-20 14:39:58'),
('427','92','308','Laudantium in error voluptates voluptas cumque autem expedita. Occaecati nostrum doloribus veritatis tempore officia maiores voluptate. Fuga veniam dolor dignissimos enim quisquam modi.','2008-09-17 08:18:34'),
('428','254','294','Est molestias qui et. Id sunt inventore dolores molestiae. Ab dolorem dolorem possimus nisi voluptates architecto ad voluptatum. Harum eum sed est quae unde.','2011-11-05 07:35:46'),
('429','479','279','Quidem qui exercitationem ea voluptas ea et. Quis temporibus cum facilis ut eum occaecati non. Eos inventore dolor corporis eius mollitia.','2003-06-20 19:20:28'),
('430','24','398','Quia consequatur autem sed rerum id velit eum. Et explicabo vel tempore in quis. Consequatur nihil magni iusto laboriosam. Quae est iste nostrum non delectus voluptatem autem.','1996-04-19 03:24:12'),
('431','219','377','Repudiandae molestiae nesciunt autem eaque quis voluptates voluptatem iste. Culpa voluptates maiores quam sequi quas id. Illo exercitationem quis expedita repudiandae. Quis pariatur aut atque nisi voluptatem sed.','1992-05-21 09:09:47'),
('432','450','254','Molestias vel sunt similique suscipit voluptatem vero impedit. Et dolores ipsam consectetur consequatur et. Aut assumenda tempora est et ducimus veritatis enim. Velit dignissimos qui eius culpa a laudantium quos debitis.','1991-03-17 15:25:25'),
('433','140','322','In fuga accusamus ea ipsum rerum. Iusto enim voluptatem est sint. Occaecati et eveniet quae necessitatibus voluptatem eligendi. Quia neque qui voluptates esse dolorem ut omnis vitae.','1972-05-23 20:19:20'),
('434','184','485','Velit quo est sed corrupti exercitationem excepturi vel. Quasi et id rerum consequatur rerum. Deleniti maxime est repellat delectus. Nam eos dolores veritatis hic.','2008-12-23 09:40:11'),
('435','247','215','Et quaerat reiciendis fugiat. Itaque sint fugit non dicta nobis.','1979-12-12 00:44:45'),
('436','344','404','Ratione rerum qui ad accusamus. Perferendis delectus dolorum molestiae placeat minima. Asperiores et totam omnis eum qui veritatis alias. Quas et beatae ab maiores natus esse. Eaque inventore ea est et error porro maiores.','1991-03-19 23:19:23'),
('437','386','268','Expedita vitae et pariatur. Sint iste molestiae labore quos. Soluta dolorem quaerat eius error.','1985-12-21 10:03:44'),
('438','478','373','Culpa occaecati quia neque deleniti. Est amet voluptatum qui. Ut nihil veniam est dolor neque aut et.','1973-12-21 12:39:04'),
('439','325','224','Et perspiciatis aut ad velit enim rerum. Ab quia esse totam et omnis. Omnis voluptas perferendis libero excepturi neque cumque.','2008-05-21 15:35:35'),
('440','490','35','Qui rem amet libero neque. Eos fuga totam ab aut deserunt est corrupti.','2016-12-29 08:17:25'),
('441','381','398','Earum harum repudiandae est. Quo minima reiciendis odit ut occaecati natus vel. Ducimus adipisci aspernatur id nam. Ut consequatur ut sed ea.','1977-08-01 20:07:04'),
('442','246','473','Ut deserunt voluptatem rerum qui eos debitis excepturi. Reprehenderit voluptates excepturi ullam inventore sunt dicta. Molestias minima maxime dolor delectus. Pariatur et error et ducimus.','1975-01-12 16:02:45'),
('443','206','500','Temporibus aspernatur est sapiente dolorem iusto exercitationem nisi similique. Doloremque quasi at assumenda quod consequatur. Aut beatae dolor ut velit.','1996-05-16 07:01:15'),
('444','266','184','Doloribus ullam dolores ex illum voluptatem eos voluptatem quidem. At explicabo quo rerum atque velit nisi adipisci. Earum dolor dicta in ipsam est.','2017-11-22 20:45:25'),
('445','278','290','Laudantium deserunt ut sit consequuntur cum asperiores neque ea. Sed impedit ut quisquam. Qui sed hic omnis cum quod id.','2010-02-04 02:34:43'),
('446','82','496','Sunt veritatis quibusdam quo quia sed. Quo nihil aut natus adipisci eveniet quisquam. Optio nihil itaque architecto. Dignissimos nam nostrum sit quisquam nostrum aperiam.','1999-12-31 04:04:58'),
('447','166','32','Voluptatibus impedit doloribus laborum iste ullam voluptatibus. Maxime voluptatem qui est aut architecto minima. Ducimus vero modi animi consequatur quasi cum. Doloremque expedita quis dolores unde repudiandae dicta eaque.','2015-04-01 12:24:17'),
('448','250','306','Assumenda modi deleniti corporis quisquam nam et. Qui non nemo et eum. Omnis eaque cum itaque ut. Nostrum mollitia perferendis voluptatem.','1979-04-14 03:53:53'),
('449','354','434','Quia non sint cumque velit illum. Consequatur at voluptate natus qui. Nihil natus saepe ipsum aspernatur dolor molestiae. Et repudiandae fugit ea dignissimos labore voluptatem. Sint aut repellat hic.','2020-04-01 21:13:07'),
('450','290','100','Optio voluptas debitis omnis est iusto soluta similique. Dolorum eos aut quia veniam odit. Aut aliquid optio qui ducimus. Quos architecto ullam recusandae error quaerat eos.','2009-05-12 03:37:04'),
('451','148','133','Labore eius nam ea officia placeat vel optio. Dignissimos in velit eum quisquam dolorem non vitae aut. Saepe ducimus quas ratione exercitationem. Cupiditate labore provident accusantium sunt reiciendis similique sit.','1983-05-07 20:40:11'),
('452','4','34','Dolores optio doloremque nisi consectetur alias et dignissimos quis. Eum sint eum vel consectetur minus itaque. Sit asperiores quo mollitia error consequatur dolorem nihil. Atque veritatis vel doloremque molestiae harum delectus.','1996-12-23 14:17:23'),
('453','400','482','Voluptatem recusandae soluta exercitationem consequuntur et atque. Possimus sit corporis est necessitatibus eveniet nemo sapiente. Est illo eveniet distinctio deserunt ut.','2002-07-26 09:11:02'),
('454','407','225','Quidem molestias dolorem cumque ut quisquam vel. Perspiciatis earum fuga vel.','1993-08-12 00:36:09'),
('455','206','396','Ut quo impedit eum fugit repellendus. Quo ut qui perspiciatis numquam consequatur aut quisquam.','2011-01-02 14:52:40'),
('456','259','86','Cupiditate fugit qui sit voluptatum sunt velit aut est. Eos blanditiis dolorem eos sint. Vel ut aut suscipit est.','1994-11-12 23:39:08'),
('457','294','5','Est culpa et qui tenetur est quis deleniti. Et voluptatum adipisci commodi excepturi est voluptas.','2019-06-01 06:12:05'),
('458','59','500','Ea distinctio et consectetur. Modi accusantium nisi ut rem dolorem. Voluptatum earum et repellendus. Sed et amet qui in laudantium.','2001-07-02 16:23:31'),
('459','4','324','Ut quis unde quo dolorem quia. Porro minus repellendus nostrum hic error magni asperiores ea. Odit omnis excepturi officia et facilis.','1997-09-06 23:34:55'),
('460','184','282','Illo ipsam culpa a quas quas sunt eum. Veritatis impedit fuga est. Numquam hic nam ducimus facere nihil eum. Aut et aspernatur consequatur tempore et ipsa.','1980-11-12 00:43:04'),
('461','114','265','Autem omnis ex necessitatibus. Nam autem voluptatem exercitationem fuga placeat voluptates in autem. Quidem beatae ea ut eveniet.','1993-08-18 19:04:37'),
('462','277','279','Adipisci ut enim consequatur et ullam ex. Id nostrum et accusantium nihil modi reiciendis repudiandae. Voluptate aut nisi quae maxime. Laboriosam ea maxime et.','2009-05-28 19:51:17'),
('463','297','27','Tempore hic eum fugit id. Explicabo impedit ut sit. Adipisci incidunt aperiam omnis laboriosam. Neque eaque repellat ipsam explicabo.','1982-03-29 01:04:55'),
('464','85','150','Illo ut quis officia autem porro. Qui officiis nulla et esse.','1970-07-26 04:56:25'),
('465','460','374','Sit itaque quibusdam itaque nihil quidem quo. Velit quis molestiae similique optio sint id. Itaque reprehenderit fuga nihil. Facilis debitis natus dolorem.','1995-10-28 11:50:26'),
('466','250','108','Alias consequatur et voluptas quia suscipit sit fugiat. Sit soluta repellat ullam et. Aut libero et eos tempora.','1972-03-14 16:36:49'),
('467','6','253','Nulla eaque sed impedit dolores qui. Iste excepturi est rem accusantium. Repellendus velit minus excepturi et. Animi enim dignissimos assumenda harum est quas eveniet. Et maiores culpa quibusdam architecto aut ea.','2001-10-24 02:42:29'),
('468','142','406','Ipsam aperiam fugiat qui iusto. Quis quam qui dicta sunt aut quo laboriosam aut. Inventore rem distinctio vitae quia ab.','1990-09-10 13:54:11'),
('469','234','48','Necessitatibus ullam voluptatem corporis placeat occaecati animi. Enim sapiente sint possimus maxime ex corrupti doloribus. Voluptatem occaecati similique consectetur officia dolores minus. Deserunt qui voluptates eos aperiam saepe exercitationem et. Dolor enim et in ipsum aspernatur odio et.','1996-10-17 03:19:56'),
('470','130','440','Doloribus impedit et est illum iste dolores. Pariatur ullam eligendi quae et adipisci cumque. Sed cumque voluptatem tempore ut animi et. Voluptatem alias reprehenderit totam sit distinctio.','1999-02-18 02:53:10'),
('471','443','389','Ducimus quam voluptate accusamus delectus nihil ut. Incidunt aut eius suscipit nam ea consectetur quis. Est repellendus alias iusto et. Eos eligendi natus sapiente illo eum.','1979-07-20 06:13:09'),
('472','26','236','Est et quibusdam voluptatum facere voluptatibus. Odit dolorem asperiores voluptatem rem quibusdam. Non vitae alias ut dolores repellat.','1983-07-06 20:36:16'),
('473','394','84','Molestiae nihil esse veritatis. Cum modi eos in sunt. Officia consectetur cum voluptatem vel. Vel atque fugit distinctio repellendus consequuntur.','1982-04-20 08:03:54'),
('474','235','398','Veritatis voluptatem dolores eius a aspernatur. Excepturi voluptatibus ad non ipsam itaque deserunt. Cumque laborum fugit totam earum rerum. Voluptatem perspiciatis quisquam qui recusandae officia incidunt ut.','2011-09-16 04:56:39'),
('475','407','419','Ad aut officiis saepe et saepe animi. Hic fugit quia voluptas accusantium. Quibusdam iste eos culpa est dolores dolorem ipsam.','2017-04-04 02:13:39'),
('476','179','21','Tenetur libero sed officiis quasi porro rem et. Aperiam eveniet esse voluptas est perspiciatis id quae. Sed numquam illum aut nihil sed dicta nobis officiis.','2016-09-20 20:56:42'),
('477','183','456','Nihil necessitatibus similique sit tenetur architecto eaque. Sed quia quod ea expedita. Sit repudiandae culpa et fugiat.','2018-01-14 21:27:14'),
('478','299','480','Sequi magnam voluptatum consequatur facilis commodi et. Excepturi natus minus ut ad animi eius quia. Laboriosam adipisci laboriosam et non in illo. Repudiandae provident aut soluta.','1998-04-19 21:51:11'),
('479','482','384','Architecto nostrum facere aut omnis dicta tempore. Est voluptatibus mollitia nihil optio illum. Occaecati iure eos facere in aut et. Sint ab est rem id laboriosam tempore quas est.','2000-11-30 05:27:03'),
('480','129','442','Totam et a sint blanditiis maiores cumque. Placeat cum tempore et ea eos sint sunt. Est eum delectus rerum cumque pariatur expedita. Aspernatur aliquid magni ipsum reiciendis.','1973-09-25 03:30:47'),
('481','257','378','Qui sunt velit itaque cumque voluptas. Ut quasi facere esse ut voluptas impedit quod. Molestiae doloremque hic quia est. Et natus harum quia tempora corporis.','1993-04-24 19:26:20'),
('482','50','263','Inventore alias dolor velit impedit et blanditiis est. Sint modi et occaecati dolor quo. Beatae autem neque repellat sit non similique.','1995-01-24 01:35:43'),
('483','131','191','Aliquid aut sequi iste necessitatibus. Ex explicabo doloremque molestiae. Corrupti illum quia accusamus quae.','2001-12-17 02:30:05'),
('484','168','365','Nam assumenda perspiciatis eligendi veniam porro. Ea et enim placeat neque. Architecto quasi quo vero placeat expedita. Hic non nulla id ea qui assumenda aperiam ipsa. Neque maxime eius quia ipsum.','2019-04-07 03:03:53'),
('485','238','298','Exercitationem aut ab consectetur provident dolores expedita. Nisi eveniet eum laboriosam ut iste. Veniam omnis accusamus alias consectetur cumque nihil.','2019-03-02 12:26:32'),
('486','304','181','Ut quia vero perspiciatis incidunt. Hic ut sint eligendi.','2018-08-21 20:01:03'),
('487','187','329','Dolor a eos nobis cupiditate aut. Eum nihil eius quibusdam voluptas similique expedita. Dicta in vero cum delectus eius voluptates.','2017-03-06 06:59:29'),
('488','416','80','Voluptatem voluptas sit sit in. Aut et aut numquam ipsum. Beatae laudantium vel consequatur veritatis vel quia vitae. Non alias quam odit fugit voluptatem in.','2017-07-04 19:09:37'),
('489','412','151','Neque asperiores ut autem nostrum ducimus. Ea eum numquam beatae neque. Quidem laborum nemo natus deleniti aut. Maiores ut qui voluptas aut explicabo.','1975-09-29 05:20:28'),
('490','477','319','Aut qui ipsam non quisquam magnam possimus. Ut delectus expedita ut consequatur dignissimos aperiam a. Nihil placeat voluptas consequatur ea modi perferendis culpa.','2017-08-04 07:19:28'),
('491','69','155','Eaque molestiae ut dolore rerum rerum magnam est. Nemo quia rerum deleniti incidunt. Deserunt quo non atque ut.','1973-01-24 15:58:21'),
('492','339','252','Dolores praesentium assumenda ducimus soluta praesentium aut earum. Molestiae dolores possimus quia nam qui. Vero quas qui quis dicta et nulla rerum. Eaque sit nihil libero iste pariatur ex. Totam repellendus officia voluptas molestias.','1973-04-17 08:08:26'),
('493','111','138','Nulla reiciendis cum vitae reprehenderit omnis sit officiis. Quis ipsam id adipisci in. Sunt facilis perferendis non id nisi. Nesciunt quis eum molestiae nobis voluptas.','2012-05-01 05:54:44'),
('494','232','92','Sint provident quo necessitatibus et autem sit et. Et aliquid voluptatibus similique omnis. Repellat inventore sit quo eius odit.','1982-01-23 21:40:04'),
('495','21','360','Temporibus doloribus ipsam tenetur at aut enim. Quos veritatis sunt repudiandae. Explicabo doloremque est sed dolores.','1991-10-07 06:22:54'),
('496','34','278','Est et tenetur illo culpa labore maxime. Non molestias et itaque beatae doloremque rerum. Minus porro odit voluptas quaerat. Dignissimos consequatur veritatis dolores et nihil provident dolores.','1985-11-09 04:25:42'),
('497','238','84','Hic ut non aut itaque vero. Et veniam aut repellendus et omnis et vel.','1986-05-21 07:31:20'),
('498','40','368','Nisi et et excepturi iste architecto itaque tempora. Quis voluptatem aut aperiam dolore. Laborum optio et quis et.','1971-10-14 00:32:11'),
('499','274','208','Quos cum impedit asperiores velit totam incidunt ut. Et ea enim aut incidunt. Dolore sed ut aut fuga occaecati iure. Voluptatem ut eius magni nisi quisquam.','1979-05-20 01:28:16'),
('500','232','12','Repudiandae delectus culpa repellat nostrum cupiditate. Rerum dignissimos odit accusamus aliquid nihil. Cupiditate at aperiam consequatur. Ea expedita sint laudantium non.','2008-07-09 18:48:15'); 


DROP TABLE IF EXISTS `photo_albums`;
CREATE TABLE `photo_albums` (
  `id` bigint(20) unsigned NOT NULL AUTO_INCREMENT,
  `name` varchar(100) COLLATE utf8_unicode_ci DEFAULT NULL,
  `user_id` bigint(20) unsigned DEFAULT NULL,
  PRIMARY KEY (`id`),
  UNIQUE KEY `id` (`id`),
  KEY `user_id` (`user_id`),
  CONSTRAINT `photo_albums_ibfk_1` FOREIGN KEY (`user_id`) REFERENCES `users` (`id`)
) ENGINE=InnoDB AUTO_INCREMENT=501 DEFAULT CHARSET=utf8 COLLATE=utf8_unicode_ci;

INSERT INTO `photo_albums` VALUES ('1','quasi','317'),
('2','voluptas','328'),
('3','illum','366'),
('4','nostrum','72'),
('5','ut','138'),
('6','unde','473'),
('7','architecto','415'),
('8','numquam','183'),
('9','sunt','119'),
('10','sed','363'),
('11','sunt','337'),
('12','illum','11'),
('13','maxime','295'),
('14','quos','54'),
('15','voluptate','330'),
('16','et','318'),
('17','nemo','392'),
('18','ut','161'),
('19','et','60'),
('20','temporibus','90'),
('21','molestiae','311'),
('22','praesentium','267'),
('23','debitis','132'),
('24','repellendus','186'),
('25','id','471'),
('26','quisquam','80'),
('27','alias','86'),
('28','rerum','265'),
('29','aut','471'),
('30','doloremque','246'),
('31','quos','360'),
('32','accusamus','287'),
('33','consequatur','73'),
('34','ullam','225'),
('35','ex','359'),
('36','aut','211'),
('37','et','198'),
('38','non','273'),
('39','ducimus','393'),
('40','distinctio','316'),
('41','eligendi','136'),
('42','quos','229'),
('43','aut','327'),
('44','velit','430'),
('45','facere','283'),
('46','esse','157'),
('47','occaecati','248'),
('48','alias','174'),
('49','in','318'),
('50','cupiditate','307'),
('51','soluta','263'),
('52','commodi','128'),
('53','ut','73'),
('54','quia','395'),
('55','consectetur','314'),
('56','voluptate','44'),
('57','explicabo','474'),
('58','sunt','400'),
('59','culpa','308'),
('60','voluptatem','445'),
('61','consequatur','145'),
('62','esse','167'),
('63','ipsam','232'),
('64','quam','218'),
('65','sequi','392'),
('66','corporis','90'),
('67','deserunt','428'),
('68','perspiciatis','89'),
('69','provident','363'),
('70','voluptatum','320'),
('71','veniam','405'),
('72','nemo','498'),
('73','ipsum','49'),
('74','porro','232'),
('75','quo','428'),
('76','ut','331'),
('77','nihil','389'),
('78','commodi','175'),
('79','excepturi','5'),
('80','similique','206'),
('81','sit','481'),
('82','est','268'),
('83','ut','334'),
('84','ducimus','54'),
('85','molestiae','162'),
('86','quae','147'),
('87','corrupti','97'),
('88','deleniti','136'),
('89','voluptate','47'),
('90','excepturi','405'),
('91','voluptatem','80'),
('92','repudiandae','192'),
('93','qui','71'),
('94','qui','311'),
('95','cumque','409'),
('96','sit','462'),
('97','minima','401'),
('98','error','337'),
('99','asperiores','51'),
('100','ducimus','263'),
('101','velit','157'),
('102','magnam','456'),
('103','architecto','260'),
('104','iste','205'),
('105','nulla','187'),
('106','dolore','188'),
('107','blanditiis','36'),
('108','nihil','75'),
('109','voluptates','362'),
('110','reprehenderit','40'),
('111','voluptate','281'),
('112','a','343'),
('113','nostrum','307'),
('114','sapiente','114'),
('115','molestias','397'),
('116','et','469'),
('117','dolorum','261'),
('118','alias','493'),
('119','est','104'),
('120','expedita','307'),
('121','et','397'),
('122','veritatis','183'),
('123','sed','498'),
('124','omnis','468'),
('125','totam','494'),
('126','dolores','407'),
('127','odit','430'),
('128','quidem','394'),
('129','quos','243'),
('130','nulla','481'),
('131','commodi','156'),
('132','eligendi','399'),
('133','soluta','436'),
('134','qui','416'),
('135','voluptatibus','104'),
('136','explicabo','123'),
('137','ut','103'),
('138','atque','139'),
('139','maxime','198'),
('140','sint','465'),
('141','at','179'),
('142','beatae','478'),
('143','iure','308'),
('144','et','486'),
('145','consequatur','92'),
('146','et','204'),
('147','molestiae','454'),
('148','consequatur','352'),
('149','corporis','196'),
('150','nemo','58'),
('151','nobis','159'),
('152','provident','93'),
('153','at','241'),
('154','omnis','156'),
('155','beatae','61'),
('156','non','234'),
('157','nihil','62'),
('158','ut','490'),
('159','praesentium','128'),
('160','harum','305'),
('161','molestiae','470'),
('162','tenetur','284'),
('163','quos','204'),
('164','dignissimos','406'),
('165','minus','200'),
('166','perspiciatis','307'),
('167','expedita','29'),
('168','deserunt','303'),
('169','dolores','446'),
('170','omnis','226'),
('171','labore','267'),
('172','vel','125'),
('173','repudiandae','204'),
('174','qui','74'),
('175','molestiae','110'),
('176','sunt','295'),
('177','alias','277'),
('178','magni','64'),
('179','aut','147'),
('180','exercitationem','473'),
('181','quia','121'),
('182','sapiente','305'),
('183','dolore','66'),
('184','quia','361'),
('185','fugit','461'),
('186','optio','127'),
('187','voluptatem','95'),
('188','vero','23'),
('189','et','116'),
('190','sunt','223'),
('191','quam','327'),
('192','at','86'),
('193','rerum','6'),
('194','eum','30'),
('195','nam','492'),
('196','ipsam','205'),
('197','animi','337'),
('198','ratione','20'),
('199','quas','7'),
('200','officiis','283'),
('201','excepturi','245'),
('202','quo','274'),
('203','rem','407'),
('204','saepe','449'),
('205','alias','348'),
('206','sed','17'),
('207','unde','244'),
('208','culpa','125'),
('209','iste','81'),
('210','aut','390'),
('211','sapiente','97'),
('212','ullam','202'),
('213','temporibus','195'),
('214','nostrum','163'),
('215','sit','63'),
('216','rerum','155'),
('217','dignissimos','289'),
('218','totam','157'),
('219','aliquam','177'),
('220','eligendi','405'),
('221','quas','379'),
('222','et','4'),
('223','dignissimos','491'),
('224','fuga','385'),
('225','numquam','33'),
('226','aliquid','482'),
('227','earum','89'),
('228','aut','370'),
('229','corrupti','2'),
('230','aperiam','96'),
('231','inventore','152'),
('232','nihil','247'),
('233','similique','370'),
('234','animi','59'),
('235','voluptatem','195'),
('236','sequi','217'),
('237','commodi','75'),
('238','ut','438'),
('239','et','341'),
('240','corrupti','155'),
('241','est','328'),
('242','eos','438'),
('243','rem','356'),
('244','et','23'),
('245','sunt','101'),
('246','doloremque','418'),
('247','esse','177'),
('248','error','389'),
('249','sunt','75'),
('250','vitae','354'),
('251','eius','294'),
('252','voluptate','454'),
('253','mollitia','357'),
('254','beatae','285'),
('255','deleniti','338'),
('256','sint','390'),
('257','culpa','267'),
('258','perspiciatis','427'),
('259','rem','259'),
('260','tempore','268'),
('261','ullam','23'),
('262','alias','411'),
('263','in','14'),
('264','ullam','392'),
('265','quidem','469'),
('266','provident','209'),
('267','facilis','108'),
('268','est','44'),
('269','animi','147'),
('270','perferendis','448'),
('271','libero','199'),
('272','quo','475'),
('273','delectus','386'),
('274','optio','55'),
('275','quam','497'),
('276','voluptas','486'),
('277','numquam','473'),
('278','molestias','173'),
('279','nostrum','375'),
('280','cumque','47'),
('281','error','26'),
('282','provident','169'),
('283','corrupti','1'),
('284','dolores','383'),
('285','molestiae','453'),
('286','sit','339'),
('287','aut','272'),
('288','et','219'),
('289','amet','265'),
('290','velit','31'),
('291','natus','487'),
('292','praesentium','287'),
('293','commodi','442'),
('294','id','1'),
('295','provident','178'),
('296','magni','410'),
('297','temporibus','209'),
('298','velit','286'),
('299','porro','454'),
('300','ipsam','355'),
('301','quis','234'),
('302','voluptatem','152'),
('303','molestiae','329'),
('304','est','119'),
('305','nihil','206'),
('306','fugiat','325'),
('307','adipisci','105'),
('308','blanditiis','179'),
('309','nostrum','498'),
('310','ullam','479'),
('311','aut','226'),
('312','inventore','24'),
('313','nemo','147'),
('314','et','226'),
('315','dolor','407'),
('316','eos','99'),
('317','ut','64'),
('318','sed','178'),
('319','voluptatem','318'),
('320','aut','329'),
('321','quod','209'),
('322','similique','304'),
('323','qui','115'),
('324','sit','150'),
('325','quam','305'),
('326','quis','293'),
('327','beatae','60'),
('328','esse','13'),
('329','officia','79'),
('330','hic','13'),
('331','inventore','368'),
('332','eum','312'),
('333','vero','165'),
('334','ipsum','197'),
('335','et','431'),
('336','iste','371'),
('337','et','22'),
('338','ut','35'),
('339','ipsam','49'),
('340','qui','19'),
('341','quis','13'),
('342','eum','274'),
('343','aut','43'),
('344','optio','160'),
('345','ut','500'),
('346','corporis','449'),
('347','eos','259'),
('348','repellendus','63'),
('349','sed','127'),
('350','est','76'),
('351','expedita','391'),
('352','atque','335'),
('353','ex','380'),
('354','atque','6'),
('355','eos','485'),
('356','consequatur','184'),
('357','repellat','298'),
('358','dolorem','44'),
('359','nobis','197'),
('360','dolor','377'),
('361','qui','57'),
('362','unde','64'),
('363','suscipit','188'),
('364','fugit','221'),
('365','maxime','260'),
('366','perferendis','119'),
('367','ad','92'),
('368','voluptatem','281'),
('369','consequuntur','153'),
('370','reiciendis','140'),
('371','ut','300'),
('372','provident','166'),
('373','qui','414'),
('374','suscipit','342'),
('375','iusto','326'),
('376','ut','413'),
('377','aut','291'),
('378','id','84'),
('379','ut','475'),
('380','sint','417'),
('381','sunt','160'),
('382','inventore','366'),
('383','nobis','252'),
('384','sed','40'),
('385','atque','371'),
('386','aut','236'),
('387','nisi','224'),
('388','animi','169'),
('389','tempore','280'),
('390','eum','420'),
('391','harum','46'),
('392','animi','336'),
('393','distinctio','484'),
('394','natus','233'),
('395','ipsum','57'),
('396','quae','244'),
('397','quisquam','352'),
('398','tempora','148'),
('399','placeat','24'),
('400','tenetur','5'),
('401','eaque','288'),
('402','ipsam','324'),
('403','dolore','171'),
('404','sint','201'),
('405','natus','166'),
('406','ut','496'),
('407','illo','113'),
('408','natus','456'),
('409','minima','80'),
('410','ad','88'),
('411','nisi','372'),
('412','dolorem','239'),
('413','beatae','454'),
('414','cupiditate','123'),
('415','omnis','279'),
('416','non','325'),
('417','ad','359'),
('418','ut','2'),
('419','ea','494'),
('420','porro','138'),
('421','maiores','422'),
('422','amet','39'),
('423','facilis','474'),
('424','explicabo','405'),
('425','occaecati','271'),
('426','eveniet','30'),
('427','rem','148'),
('428','nobis','123'),
('429','optio','178'),
('430','quo','172'),
('431','qui','127'),
('432','est','466'),
('433','voluptatum','496'),
('434','tempora','297'),
('435','soluta','166'),
('436','voluptates','161'),
('437','qui','293'),
('438','totam','279'),
('439','et','116'),
('440','voluptas','372'),
('441','rerum','367'),
('442','non','488'),
('443','ipsum','111'),
('444','voluptatem','321'),
('445','dolorem','111'),
('446','reiciendis','389'),
('447','rerum','145'),
('448','corporis','469'),
('449','quae','390'),
('450','reiciendis','138'),
('451','nulla','106'),
('452','hic','311'),
('453','esse','176'),
('454','molestiae','79'),
('455','doloremque','215'),
('456','ut','447'),
('457','ipsam','109'),
('458','molestiae','363'),
('459','animi','69'),
('460','impedit','286'),
('461','alias','35'),
('462','quod','195'),
('463','ut','252'),
('464','ab','30'),
('465','molestiae','492'),
('466','illo','417'),
('467','libero','190'),
('468','est','284'),
('469','nesciunt','196'),
('470','deleniti','306'),
('471','eaque','156'),
('472','aut','63'),
('473','doloribus','293'),
('474','non','266'),
('475','ipsum','383'),
('476','ut','403'),
('477','voluptatum','154'),
('478','eum','27'),
('479','consequatur','372'),
('480','ipsa','43'),
('481','culpa','164'),
('482','temporibus','477'),
('483','suscipit','354'),
('484','voluptates','340'),
('485','qui','56'),
('486','totam','69'),
('487','ut','286'),
('488','soluta','164'),
('489','quibusdam','431'),
('490','nobis','354'),
('491','ut','450'),
('492','dolorem','466'),
('493','nemo','49'),
('494','magnam','201'),
('495','eveniet','495'),
('496','voluptatum','41'),
('497','velit','118'),
('498','libero','185'),
('499','et','325'),
('500','necessitatibus','313'); 


DROP TABLE IF EXISTS `profile`;
CREATE TABLE `profile` (
  `user_id` bigint(20) unsigned NOT NULL AUTO_INCREMENT,
  `gender` char(1) COLLATE utf8_unicode_ci DEFAULT NULL,
  `birthday` date DEFAULT NULL,
  `photo_id` bigint(20) unsigned DEFAULT NULL,
  `created_at` datetime DEFAULT current_timestamp(),
  `hometown` varchar(100) COLLATE utf8_unicode_ci DEFAULT NULL,
  PRIMARY KEY (`user_id`),
  CONSTRAINT `profile_ibfk_1` FOREIGN KEY (`user_id`) REFERENCES `users` (`id`)
) ENGINE=InnoDB AUTO_INCREMENT=301 DEFAULT CHARSET=utf8 COLLATE=utf8_unicode_ci;

INSERT INTO `profile` VALUES ('1','f','1984-06-14','1','1972-04-03 09:16:55','opvy'),
('2','f','2010-07-13','5','2019-03-10 00:54:25','vggv'),
('3','f','2011-05-26','1','1974-09-19 15:04:11','kktk'),
('4','f','2009-10-01','3','1996-02-05 10:28:21','qomn'),
('5','m','1985-01-12','8','2013-10-03 08:47:59','nxtt'),
('6','f','1973-08-12','5','2008-04-02 18:13:56','nfob'),
('7','f','1970-11-22','7','2012-05-06 21:58:26','lqvq'),
('8','m','2013-12-15','1','1971-09-10 10:18:58','llos'),
('9','m','1979-07-18','0','1977-09-12 18:52:50','cpst'),
('10','f','1982-05-28','4','1990-07-08 08:02:19','biyj'),
('11','m','1992-10-18','4','1985-08-05 01:25:04','lvkc'),
('12','f','1983-08-17','5','1993-11-27 21:59:59','dhsn'),
('13','m','2018-07-05','0','1994-10-05 19:17:13','zmrj'),
('14','f','2014-12-06','7','1979-01-14 05:27:52','apha'),
('15','m','2017-01-25','5','1982-03-11 09:19:26','xmir'),
('16','f','2013-07-20','8','2009-03-27 07:04:17','qdjs'),
('17','m','1981-12-30','2','2003-01-26 04:20:25','gwdo'),
('18','m','1970-05-25','4','2001-03-26 18:19:35','cvvk'),
('19','m','1986-07-15','8','1993-02-13 11:08:51','ecde'),
('20','f','1989-02-03','4','2017-02-24 05:46:25','uhly'),
('21','f','2005-01-18','8','1997-05-20 11:51:58','tkal'),
('22','m','1990-05-27','2','1982-08-21 12:08:12','mwzi'),
('23','f','1976-08-08','4','1983-08-16 22:01:53','cocf'),
('24','m','1981-10-18','4','1971-12-28 13:47:10','sszx'),
('25','m','2013-07-10','5','1973-07-20 20:23:58','syxx'),
('26','f','2014-10-15','1','2002-01-19 17:41:25','uobf'),
('27','m','2018-12-16','7','2013-07-26 06:01:51','pbvz'),
('28','f','1971-05-26','4','2007-02-03 22:36:11','kbra'),
('29','f','2017-08-12','3','2002-04-20 10:25:18','bork'),
('30','f','1997-08-15','0','1994-07-23 01:11:32','swdg'),
('31','m','2018-04-21','0','2002-07-19 17:59:05','kcfx'),
('32','f','2009-08-24','1','1984-03-17 12:06:08','jobr'),
('33','m','2016-05-08','7','2017-12-19 19:23:46','oydj'),
('34','f','1992-05-03','9','2012-10-22 12:33:24','drzj'),
('35','m','2012-05-23','7','1975-04-02 21:27:22','gcok'),
('36','m','2012-07-17','0','2016-04-10 11:38:33','sedc'),
('37','f','2009-09-09','9','1974-10-17 23:21:47','ajnk'),
('38','m','1973-06-01','3','1998-03-25 10:34:13','pgpr'),
('39','f','1978-03-12','1','1971-05-17 11:20:52','rukq'),
('40','f','1984-06-01','1','1995-04-13 21:18:59','gvcy'),
('41','f','1973-03-03','4','2005-06-04 04:56:17','jnwy'),
('42','f','2013-02-16','3','2020-05-11 18:44:12','fyan'),
('43','f','1985-06-03','4','1970-11-22 18:52:54','ntzj'),
('44','f','1978-04-10','2','1989-04-20 22:19:32','djlz'),
('45','m','1974-11-06','1','1972-08-19 11:25:36','oaso'),
('46','m','2013-09-13','3','2015-10-04 04:58:54','riel'),
('47','m','2016-09-21','3','1991-06-10 06:21:27','kdiv'),
('48','f','2010-12-20','2','2008-02-11 09:39:20','uqne'),
('49','f','1976-08-03','0','1990-09-28 23:33:33','nbus'),
('50','m','2003-02-16','6','1975-12-02 00:37:42','oxrp'),
('51','f','1979-03-19','8','1974-04-15 21:06:53','utaq'),
('52','f','2001-04-30','3','2004-10-11 21:14:59','coib'),
('53','m','1984-02-08','9','1973-05-05 08:17:59','pdzo'),
('54','m','1983-07-12','0','2012-01-15 20:15:15','dich'),
('55','m','1970-11-27','8','2016-12-12 17:03:42','nvey'),
('56','f','2000-01-26','0','2009-11-05 23:38:06','dvyt'),
('57','f','1976-02-09','4','1993-06-03 11:04:10','cold'),
('58','f','1976-12-23','4','1996-06-16 06:00:52','xiic'),
('59','f','1989-11-21','5','2002-09-25 15:18:19','ehfc'),
('60','f','2000-02-19','3','1984-03-21 10:52:34','tyer'),
('61','m','1976-04-22','8','1992-05-21 07:11:19','unhh'),
('62','m','1974-10-14','6','1996-08-22 05:14:47','bwsf'),
('63','m','1979-12-01','1','1989-11-21 00:17:24','wzoy'),
('64','f','1980-09-28','8','2001-08-13 05:04:53','hhpx'),
('65','m','1989-07-01','4','2018-11-04 14:07:15','dzjs'),
('66','f','1971-02-11','9','1994-03-17 18:23:26','azaz'),
('67','m','2011-06-18','1','1975-02-22 23:04:00','crwf'),
('68','m','2002-04-13','2','1970-02-14 20:32:30','bjeo'),
('69','m','2013-08-24','3','2000-04-25 18:52:46','kciq'),
('70','f','2002-03-19','1','2016-05-08 05:26:00','bkiu'),
('71','m','1998-05-02','0','2017-12-11 00:53:43','rxdb'),
('72','f','1978-04-07','8','2010-04-22 19:22:58','yvfy'),
('73','m','1991-11-19','8','1989-11-09 20:58:06','yufn'),
('74','f','1997-08-24','2','2007-10-23 09:54:11','aflg'),
('75','f','1981-12-11','9','2002-02-03 10:44:19','atbv'),
('76','m','1972-11-04','8','1995-11-30 13:01:36','eaam'),
('77','m','2000-06-18','5','2014-08-26 13:14:10','bkkb'),
('78','m','1974-06-07','2','1984-01-12 20:17:41','ntyc'),
('79','f','2018-02-22','6','2002-05-25 22:13:40','iois'),
('80','f','1975-10-25','6','1980-10-01 16:26:55','mete'),
('81','f','1976-02-25','2','2004-12-10 15:08:52','ypsf'),
('82','f','1977-05-30','9','2004-10-17 14:52:44','pzqd'),
('83','m','1990-10-09','9','1991-04-05 22:25:49','xvlr'),
('84','m','1983-05-26','3','2001-12-18 14:27:51','dffn'),
('85','m','1977-02-13','8','1998-08-31 15:17:05','pnyy'),
('86','f','1970-09-26','4','2014-07-29 21:27:00','dcqf'),
('87','m','1994-10-07','6','1984-11-21 09:33:28','ibzz'),
('88','f','2004-07-19','4','1978-02-24 12:30:14','beoh'),
('89','m','2012-10-20','4','2013-12-08 12:37:05','xwmf'),
('90','m','1978-08-10','0','2015-06-29 18:41:25','oywk'),
('91','f','2013-09-18','9','1994-10-18 09:11:44','bfca'),
('92','m','2007-12-19','0','2016-10-19 07:55:53','tzip'),
('93','f','1982-04-29','5','1990-11-08 18:11:50','lxhz'),
('94','f','1970-03-23','1','1986-07-27 08:43:02','mxyz'),
('95','f','2013-02-25','3','1979-10-27 16:23:51','incp'),
('96','m','2006-04-03','4','1995-05-09 23:04:06','jiwz'),
('97','m','2002-10-19','5','2010-07-26 00:08:04','ykft'),
('98','m','2006-02-02','0','1984-08-01 17:32:55','qowk'),
('99','m','1976-02-16','1','1978-06-29 07:12:44','ovwz'),
('100','f','1971-09-01','6','1971-04-18 11:23:46','zeav'),
('101','m','2004-11-18','7','1970-06-04 05:58:26','bdwq'),
('102','f','1980-03-28','7','2008-09-25 01:28:12','iuzv'),
('103','f','1985-11-05','4','1977-01-10 20:57:54','beny'),
('104','f','2014-07-19','2','1970-01-23 04:23:49','mgdp'),
('105','f','2018-03-15','2','1992-08-24 02:46:46','bynk'),
('106','f','2009-06-29','2','2019-09-20 15:39:14','kxjf'),
('107','m','2016-03-09','8','2011-06-18 04:35:24','pbqq'),
('108','m','2004-10-25','0','2016-04-24 08:20:10','nufh'),
('109','f','2017-06-07','8','1990-06-04 06:12:02','fsho'),
('110','f','1983-03-13','9','1979-08-22 06:49:12','heut'),
('111','m','1981-09-14','5','2007-08-06 14:38:10','bnaa'),
('112','f','1975-04-17','2','2015-07-24 01:14:20','ymic'),
('113','f','1988-06-21','1','2007-10-24 23:51:01','ybfl'),
('114','f','2008-04-16','8','1984-09-13 16:10:38','bonl'),
('115','f','2016-05-08','5','1976-04-08 04:05:53','tdbc'),
('116','f','2014-03-30','3','1986-10-02 21:49:50','evff'),
('117','m','2006-04-27','2','2008-03-12 00:49:26','sshk'),
('118','f','1975-06-06','2','1995-05-19 15:11:04','hjdu'),
('119','f','1986-10-19','6','1984-08-29 17:19:41','wiph'),
('120','m','2010-01-19','0','2003-01-24 19:59:35','kcjj'),
('121','f','2012-04-05','4','1999-12-03 16:44:46','hebe'),
('122','m','2016-07-21','7','2004-06-12 00:14:00','rlgb'),
('123','f','1978-02-23','6','1988-01-12 17:20:16','qgem'),
('124','f','1994-06-18','4','1973-05-04 17:59:31','dgvl'),
('125','f','1998-08-18','4','1984-10-31 07:50:22','hwrz'),
('126','m','2003-09-18','8','2020-05-10 17:33:25','oqxs'),
('127','f','1983-12-28','1','2001-05-08 19:49:21','nygv'),
('128','m','1974-02-21','7','1999-01-05 14:52:25','ssah'),
('129','f','2003-09-30','7','1973-07-13 20:01:30','hadi'),
('130','m','1986-04-11','8','2019-03-11 17:34:58','xssy'),
('131','f','1996-05-09','9','2014-02-22 12:55:00','kxdd'),
('132','f','1985-10-02','1','1990-01-19 03:40:31','nxyw'),
('133','m','1972-10-20','5','1982-02-28 12:29:02','xisn'),
('134','f','1992-01-02','9','2000-11-16 21:55:52','xhyh'),
('135','m','1988-05-07','7','1995-01-13 22:21:01','qenl'),
('136','f','1970-04-30','1','1986-12-14 02:38:22','jchg'),
('137','m','1977-05-10','2','2005-04-06 20:46:42','dcqc'),
('138','m','2017-09-19','9','2003-03-17 07:57:53','ocpx'),
('139','m','1990-08-06','7','1975-02-15 18:34:58','uikv'),
('140','m','2002-12-13','0','2009-12-29 07:29:20','gkzb'),
('141','f','1992-12-10','4','2000-04-14 20:38:46','kyyb'),
('142','m','2012-07-23','6','1990-09-17 16:27:16','zaom'),
('143','m','1994-11-20','8','1999-06-26 04:34:59','phgo'),
('144','m','2016-12-01','6','1977-12-11 00:44:10','xykj'),
('145','m','2005-10-26','3','2003-09-10 06:56:05','rmfd'),
('146','m','1993-05-31','7','1976-01-23 12:18:40','lvdr'),
('147','f','1972-08-25','1','2000-03-28 10:21:42','zftr'),
('148','f','2018-03-28','0','2011-02-26 23:26:42','pbca'),
('149','f','2006-11-01','2','1984-10-16 09:58:49','ayyj'),
('150','f','1987-05-19','8','2001-11-19 15:40:14','pfpo'),
('151','f','2018-12-20','4','1980-01-05 16:30:30','zprm'),
('152','m','1981-09-29','5','1992-06-18 05:54:18','hlmz'),
('153','f','2004-06-13','5','1988-12-19 16:10:00','mtec'),
('154','m','1983-02-06','2','2003-07-21 02:48:40','dkic'),
('155','f','1981-01-20','1','2017-02-02 02:33:35','vkhr'),
('156','f','2000-05-06','6','2009-06-25 07:23:04','kpfe'),
('157','m','1999-01-07','2','1977-06-03 17:04:06','zznr'),
('158','f','2018-03-21','4','1999-12-07 22:38:00','wjac'),
('159','f','1986-08-17','6','2002-11-08 09:56:44','shju'),
('160','m','1994-11-09','9','1984-07-03 11:32:57','zoet'),
('161','f','1978-12-08','5','2008-01-29 11:14:55','curm'),
('162','m','1983-11-25','0','1994-01-19 00:56:13','ewyd'),
('163','m','1990-08-16','7','1994-12-12 02:28:49','vkkj'),
('164','m','2018-07-27','9','1989-04-22 21:15:24','vydb'),
('165','f','1973-12-04','7','2020-03-01 12:39:12','mbky'),
('166','m','2009-03-06','5','2017-08-02 09:20:31','qtwy'),
('167','f','1982-12-02','5','1975-06-21 18:34:40','dcja'),
('168','m','1971-07-05','8','1994-10-10 18:08:00','cwec'),
('169','m','1986-12-20','4','2018-07-16 22:12:55','ikpr'),
('170','m','2009-01-13','5','1981-10-02 17:52:26','seee'),
('171','f','2006-03-22','7','2000-05-25 18:43:46','ihtg'),
('172','f','1978-06-10','7','1991-09-01 19:10:22','amge'),
('173','f','2014-06-30','1','2009-11-18 13:52:55','wjii'),
('174','f','1995-03-24','4','2018-12-29 06:14:23','zdjf'),
('175','f','2020-02-13','2','1977-10-23 02:43:21','cozb'),
('176','m','2000-08-07','4','1999-11-05 11:08:20','rnuw'),
('177','m','1976-04-29','0','1991-05-10 13:55:51','qpgo'),
('178','m','1974-08-30','0','1983-08-09 19:32:42','mati'),
('179','f','1974-06-07','3','2003-05-18 07:50:51','omhr'),
('180','m','2015-07-15','2','2019-12-08 09:02:01','wcfu'),
('181','m','2020-03-24','4','1976-03-13 17:59:52','gdsz'),
('182','m','1993-10-03','6','2018-10-21 07:48:12','ocug'),
('183','m','1981-06-12','3','1989-08-24 02:33:00','lxfq'),
('184','m','2009-07-06','5','2011-02-18 06:47:01','hpfr'),
('185','m','1996-02-14','2','1996-03-23 22:49:56','mwza'),
('186','m','1991-02-25','0','2000-08-21 09:09:58','gbhq'),
('187','m','2007-06-01','8','1975-06-23 11:24:03','tonv'),
('188','m','2010-08-30','9','1978-07-20 21:00:22','jpxf'),
('189','m','1980-07-01','1','1983-04-20 00:33:58','koxz'),
('190','f','2006-06-23','1','1983-10-05 04:04:51','dqdz'),
('191','f','2009-02-01','9','1984-12-21 02:53:52','nhal'),
('192','m','1977-07-19','0','1988-12-11 01:59:57','ngjc'),
('193','m','1992-06-18','0','2004-11-18 08:30:03','vtrh'),
('194','m','1976-11-07','3','1992-11-18 07:05:49','ptow'),
('195','m','1983-03-05','7','2014-03-09 06:16:19','xkok'),
('196','f','2004-05-05','4','1993-11-12 07:00:28','fwjp'),
('197','m','2007-06-06','5','2007-09-03 22:50:17','wzoj'),
('198','m','1995-04-16','6','1978-03-31 09:51:22','rhon'),
('199','f','1998-11-14','4','1978-10-23 13:50:12','vopp'),
('200','f','2004-06-15','0','1991-04-08 07:41:06','efby'),
('201','m','1975-07-22','5','1970-08-27 18:55:23','ygnt'),
('202','m','1984-10-01','7','1974-12-01 02:49:51','hqfj'),
('203','f','1972-09-04','4','1972-09-06 20:49:29','vpto'),
('204','f','1988-09-27','2','1974-04-07 19:00:22','fobe'),
('205','m','2015-07-10','5','1980-11-03 04:46:03','pwlr'),
('206','f','2010-07-15','7','1981-06-24 10:40:18','cecp'),
('207','m','2020-03-09','0','1973-10-13 09:45:54','pnmh'),
('208','f','1994-10-04','2','1976-11-16 03:16:11','zsmu'),
('209','m','1983-04-30','5','2018-01-30 21:47:02','fogi'),
('210','m','1971-12-20','1','1976-12-24 18:31:03','lgyk'),
('211','f','2001-01-10','1','2007-11-29 10:45:55','cxpf'),
('212','f','1994-10-23','5','1984-05-22 02:35:27','vndr'),
('213','m','1984-11-23','8','1993-05-27 17:22:51','evsr'),
('214','f','1975-01-24','8','1981-04-01 11:54:03','shuk'),
('215','f','1987-10-15','1','1993-01-27 07:15:48','jkxl'),
('216','m','1998-03-10','1','2002-01-16 23:20:14','foqo'),
('217','m','1985-09-15','9','2020-04-22 20:48:06','upke'),
('218','m','2006-09-07','9','2013-01-26 04:04:05','oqlc'),
('219','f','2009-01-30','6','2019-11-23 10:43:35','gfez'),
('220','f','1989-01-02','8','2013-04-25 22:48:42','rbnn'),
('221','m','1995-04-13','8','1990-07-12 09:30:53','lrew'),
('222','m','2011-11-06','4','2006-12-22 10:04:15','bhte'),
('223','f','1985-10-24','1','1984-08-14 06:45:03','lzvb'),
('224','m','1992-06-13','2','2008-11-23 22:49:03','tvbb'),
('225','f','1999-08-21','9','1988-06-12 10:26:40','rapy'),
('226','m','1970-10-09','3','2003-01-09 14:47:08','bpls'),
('227','m','1981-10-24','0','1998-04-26 02:04:14','ppuk'),
('228','f','2012-09-23','5','1973-09-16 07:26:38','wlyl'),
('229','m','1987-07-17','6','1982-07-05 05:29:56','ehqh'),
('230','m','1995-07-05','5','2001-11-07 21:03:37','uoxm'),
('231','f','1976-03-03','9','1981-07-14 13:58:11','xqof'),
('232','f','1977-09-17','5','2003-05-01 04:29:36','ewar'),
('233','f','1977-01-04','5','1970-12-01 23:12:51','oacw'),
('234','m','2012-03-20','3','1984-07-11 11:20:49','asjf'),
('235','m','1975-01-26','2','1994-02-02 19:55:51','gagl'),
('236','m','1974-05-07','2','1991-12-07 15:07:12','okto'),
('237','m','1971-03-12','6','2002-04-25 18:45:23','lmoh'),
('238','m','2009-11-04','3','2012-09-14 14:26:36','pgzd'),
('239','m','2002-01-30','5','1982-01-04 22:34:47','wyfh'),
('240','m','2004-10-29','8','1982-08-11 23:30:53','eemy'),
('241','m','1974-09-11','1','2003-11-25 19:02:19','ucac'),
('242','m','1981-07-28','1','1978-01-12 23:22:15','yvqx'),
('243','f','2007-10-20','7','1983-02-08 15:04:04','oqys'),
('244','f','1980-03-06','4','1994-05-16 17:47:57','xkvb'),
('245','f','1990-07-14','9','1999-03-16 22:31:31','ixbm'),
('246','m','1996-07-11','8','1974-01-27 06:49:54','hxmc'),
('247','f','2006-04-02','3','1998-12-18 14:33:40','pinn'),
('248','m','1985-12-25','8','2004-12-08 15:06:41','fgnk'),
('249','f','1995-06-08','2','2014-11-21 11:31:42','agro'),
('250','f','1982-08-01','6','1992-11-28 02:10:06','lxjx'),
('251','f','2008-05-26','4','1977-06-11 13:37:50','pjnb'),
('252','f','2002-07-23','5','1979-12-04 11:23:34','lvop'),
('253','f','2011-04-22','8','1978-10-12 03:07:14','vcsl'),
('254','f','1984-04-14','6','1971-06-23 16:57:07','deaw'),
('255','f','2009-01-13','2','1989-04-18 17:46:47','gifi'),
('256','m','1983-02-14','3','1971-08-07 04:42:37','gbyv'),
('257','f','1993-03-24','0','2000-10-15 08:15:26','fhps'),
('258','f','2005-01-25','3','1993-04-04 17:52:39','noam'),
('259','f','1995-05-09','5','2013-07-05 06:47:05','frev'),
('260','m','1977-04-08','6','1988-09-17 13:45:00','gncr'),
('261','f','1976-06-19','0','1978-10-09 09:43:17','emlv'),
('262','m','1974-03-15','9','1978-02-06 19:16:02','kblz'),
('263','m','1987-11-09','8','1976-06-03 09:31:53','itcs'),
('264','m','2007-08-29','6','2016-09-28 04:58:00','opke'),
('265','m','1984-01-19','8','1986-11-23 02:58:35','tvlh'),
('266','m','1975-02-06','6','1983-05-11 23:24:58','lxff'),
('267','f','1995-05-29','0','1973-07-05 13:50:39','lagb'),
('268','f','1989-01-02','4','1980-04-06 00:04:14','sddf'),
('269','m','2016-08-27','7','1974-05-17 22:07:32','eoft'),
('270','m','2002-11-25','5','2003-05-24 23:34:16','ktbg'),
('271','f','1975-06-25','8','1984-02-24 05:36:05','hfzz'),
('272','m','1994-11-29','2','2003-08-01 05:11:20','houe'),
('273','m','2019-06-27','5','1972-05-06 18:09:53','zarr'),
('274','m','1985-10-15','8','2015-07-05 20:24:12','bmck'),
('275','m','1988-10-18','0','1973-05-07 10:39:07','kucx'),
('276','f','2004-03-07','4','1986-05-18 07:45:00','ybtq'),
('277','f','1980-03-22','1','2001-06-28 16:35:51','lccb'),
('278','f','1982-10-28','8','2006-07-07 21:52:00','fyub'),
('279','m','2004-04-30','1','1987-08-19 08:57:51','hqui'),
('280','f','1986-05-26','2','1972-02-23 18:56:07','fqga'),
('281','m','1999-07-12','7','2004-08-13 21:28:50','yrfo'),
('282','m','1980-11-03','5','1994-07-14 09:47:40','kxhd'),
('283','m','1992-02-09','9','2006-11-01 18:10:04','cfme'),
('284','m','2006-03-24','7','1994-02-02 00:38:09','idpo'),
('285','f','1984-03-19','8','1977-11-15 02:16:57','qfxs'),
('286','f','1995-03-21','9','2010-06-19 19:38:59','iglr'),
('287','m','1981-11-20','6','1990-09-17 20:35:34','ntxr'),
('288','f','1971-07-10','2','1987-03-07 11:01:04','vhny'),
('289','m','1990-05-17','0','1973-01-18 01:58:22','fpyd'),
('290','f','1979-10-12','3','1986-03-01 20:03:51','jroe'),
('291','m','2002-11-14','4','1999-12-03 21:55:34','hbyo'),
('292','f','1995-02-08','5','1998-01-09 17:19:41','kqxn'),
('293','f','2004-08-15','4','2010-05-06 16:52:06','zwob'),
('294','f','1990-01-10','2','2001-06-03 10:06:51','zuhp'),
('295','m','2018-05-20','7','1977-02-17 14:39:24','vixm'),
('296','f','1994-02-11','2','2008-07-24 22:51:55','ftsd'),
('297','f','1998-01-30','6','2019-07-08 07:09:47','gljz'),
('298','m','2013-10-22','7','2011-10-29 12:49:36','jced'),
('299','f','2017-09-20','3','1988-01-21 04:07:22','dkkl'),
('300','f','2011-09-12','9','2010-10-09 05:39:36','opmx'); 


DROP TABLE IF EXISTS `users`;
CREATE TABLE `users` (
  `id` bigint(20) unsigned NOT NULL AUTO_INCREMENT,
  `firstname` varchar(50) COLLATE utf8_unicode_ci DEFAULT NULL,
  `lastname` varchar(50) COLLATE utf8_unicode_ci DEFAULT NULL,
  `email` varchar(200) COLLATE utf8_unicode_ci DEFAULT NULL,
  `phone` bigint(20) DEFAULT NULL,
  PRIMARY KEY (`id`),
  UNIQUE KEY `email` (`email`),
  KEY `user_index_phone` (`phone`),
  KEY `user_firstname_lastname_index` (`firstname`,`lastname`)
) ENGINE=InnoDB AUTO_INCREMENT=501 DEFAULT CHARSET=utf8 COLLATE=utf8_unicode_ci;

INSERT INTO `users` VALUES ('1','Nichole','Zboncak','obraun@example.com','145'),
('2','Odell','Graham','muller.autumn@example.net','780014'),
('3','Tracey','Collins','schaefer.rickey@example.com','463892'),
('4','Hollis','Douglas','breitenberg.lauren@example.net','707'),
('5','Antoinette','Davis','fredrick.dibbert@example.org','45'),
('6','Crystel','Marvin','lwilkinson@example.org','266945'),
('7','Dion','Effertz','donnelly.chelsie@example.org','1'),
('8','Sheldon','Farrell','opagac@example.net','1'),
('9','Catharine','Batz','xspinka@example.org','148'),
('10','Chauncey','Schaden','stoltenberg.amani@example.net','1'),
('11','Ethelyn','Olson','sleannon@example.com','23'),
('12','Athena','Romaguera','waino.greenfelder@example.net','0'),
('13','Jedediah','Ernser','alphonso46@example.net','0'),
('14','Kaitlin','Nitzsche','kavon51@example.com','790520'),
('15','Trisha','Harvey','rene28@example.org','988293'),
('16','Christ','Harvey','spinka.kelsi@example.net','244125'),
('17','Miracle','Sipes','aabernathy@example.org','917960'),
('18','Reanna','Stark','jhintz@example.org','1'),
('19','Derick','Waters','makayla65@example.net','857534'),
('20','Kenyatta','Altenwerth','sgerhold@example.net','0'),
('21','Gabriel','Spinka','tiara71@example.com','1'),
('22','Dwight','D\'Amore','tyler.franecki@example.com','925843'),
('23','Agustin','Beier','rdicki@example.org','122683'),
('24','Lilly','McGlynn','dayton.labadie@example.net','184012'),
('25','Columbus','Boehm','glenna.jast@example.net','940687'),
('26','Abraham','Kozey','zjohnston@example.com','1'),
('27','Wilmer','Murray','waters.justine@example.com','0'),
('28','Darian','Robel','bgrady@example.com','248'),
('29','Christine','Graham','sonya66@example.org','27'),
('30','Sydnie','Hackett','shields.alexie@example.org','923'),
('31','Jameson','Grimes','lawson28@example.com','285759'),
('32','Keaton','Considine','kschneider@example.com','1'),
('33','Virgie','Lebsack','morissette.vito@example.net','0'),
('34','Briana','Kertzmann','wbradtke@example.org','1'),
('35','Nickolas','Robel','berge.mario@example.net','0'),
('36','Chloe','Armstrong','raleigh.schowalter@example.com','355838'),
('37','Estefania','Schmitt','verna.smitham@example.net','485016'),
('38','Camila','Gleichner','lkuphal@example.org','81'),
('39','Autumn','Gerhold','julien14@example.org','3131400249'),
('40','Jarvis','Lowe','mlebsack@example.com','40'),
('41','Nikita','Rau','vilma.pacocha@example.net','1505972852'),
('42','Tom','Larkin','kuhn.carlie@example.com','0'),
('43','Laurine','Kozey','akoelpin@example.com','898'),
('44','Braulio','Block','laura48@example.com','1'),
('45','Arielle','Borer','irving42@example.net','0'),
('46','Aurelio','Heidenreich','bergstrom.christa@example.net','460'),
('47','Chanel','Okuneva','amy21@example.org','778707'),
('48','Rosa','Lubowitz','jewel47@example.org','1'),
('49','Rodger','Douglas','deja73@example.net','313'),
('50','Loy','McLaughlin','mmills@example.org','148141'),
('51','Aliza','McGlynn','gabriella.o\'kon@example.net','72'),
('52','Davonte','Schultz','talia19@example.org','862'),
('53','Miller','Gulgowski','johns.elsie@example.org','59'),
('54','Dimitri','Ernser','brenda.wiegand@example.net','0'),
('55','Belle','Kovacek','hschuster@example.net','324046'),
('56','Justen','Gleichner','xdouglas@example.com','720'),
('57','Astrid','Terry','noble.rolfson@example.com','0'),
('58','Danyka','Swift','doug08@example.net','976833'),
('59','Sierra','Skiles','farrell.cedrick@example.com','0'),
('60','Georgianna','Willms','mateo89@example.net','622251'),
('61','Savanah','Funk','constantin90@example.org','928'),
('62','Carlee','Wunsch','graham.stacy@example.net','9343390051'),
('63','Eduardo','Rau','ykunze@example.net','742'),
('64','Duncan','Swift','corene.goodwin@example.com','53083'),
('65','Rosamond','McClure','mcglynn.samara@example.com','1'),
('66','Suzanne','Ritchie','allan.rolfson@example.com','59'),
('67','Amber','Thompson','deonte.sawayn@example.org','21923'),
('68','Dianna','Klein','alice.weissnat@example.com','292'),
('69','Nyasia','Quitzon','rashawn.jacobs@example.org','0'),
('70','Beth','Prosacco','mossie95@example.org','390'),
('71','Braden','Yundt','torphy.shaina@example.com','1'),
('72','April','Bailey','ole.hermiston@example.com','0'),
('73','Zella','Stokes','lavinia.bartoletti@example.org','45'),
('74','Claud','Ryan','dion.mante@example.net','556904'),
('75','Mohammed','Spinka','valentine.block@example.net','820038'),
('76','Virginia','Casper','pwill@example.com','845869'),
('77','Rashawn','Mann','fhickle@example.org','38'),
('78','Madalyn','Dietrich','xveum@example.org','421382'),
('79','Ora','Schaden','shania26@example.org','977'),
('80','Maynard','Collins','huels.lilly@example.com','783'),
('81','Ransom','Dicki','abbey46@example.org','0'),
('82','Alexys','Yundt','freda.kozey@example.org','94'),
('83','Violette','Lubowitz','tomas.turner@example.net','0'),
('84','Madelynn','Runte','zulauf.opal@example.com','248439'),
('85','Adelle','Gerhold','leffler.shanel@example.org','1'),
('86','Jamarcus','Grady','niko23@example.net','0'),
('87','Rebecca','Bechtelar','klittle@example.org','0'),
('88','Graham','Christiansen','zoila.mueller@example.org','612397'),
('89','Dashawn','Schamberger','owehner@example.com','87'),
('90','Jeramy','Monahan','theresa.murray@example.com','6785002663'),
('91','Fredrick','Stehr','bethany.hermiston@example.net','0'),
('92','Aimee','Mitchell','luciano.ward@example.com','0'),
('93','Darion','Price','mallory.herman@example.com','941604'),
('94','Michele','Jacobi','amara53@example.org','0'),
('95','Ryann','Gislason','christiansen.lula@example.org','75'),
('96','Aniyah','Heathcote','mpagac@example.com','1'),
('97','Camryn','Pfeffer','corrine.beatty@example.org','1'),
('98','Saul','Littel','jalyn.kirlin@example.com','0'),
('99','Lisette','Koepp','mlangosh@example.com','27'),
('100','Herminio','Lehner','clemens.o\'kon@example.com','623'),
('101','Kian','Connelly','ustrosin@example.org','1'),
('102','Cloyd','Mosciski','psauer@example.org','1'),
('103','Sallie','Witting','lonny.klocko@example.org','0'),
('104','Ruthie','White','clair.zieme@example.org','1'),
('105','Elena','Skiles','idouglas@example.org','0'),
('106','Jerome','Leannon','kuphal.gudrun@example.com','0'),
('107','Solon','Smitham','baumbach.maria@example.com','1'),
('108','Stephon','Daugherty','nia27@example.com','86'),
('109','Laura','Armstrong','arvel07@example.com','505'),
('110','Alexandrea','Heller','blair.fritsch@example.com','1'),
('111','Rodrigo','Crooks','durgan.michaela@example.net','451'),
('112','Travon','Moore','von.bryce@example.com','1'),
('113','Earline','Carter','mmcglynn@example.com','599'),
('114','Jamal','Runte','ola86@example.com','44'),
('115','Nathen','Parisian','ilynch@example.org','0'),
('116','Montana','Batz','sallie35@example.org','0'),
('117','Leonie','Armstrong','colleen19@example.org','620'),
('118','Gail','Williamson','klocko.shyann@example.net','1'),
('119','Lincoln','Macejkovic','mgorczany@example.com','844'),
('120','Anais','Huels','price.abernathy@example.net','97'),
('121','Arlie','Ritchie','brendon78@example.org','1'),
('122','Evan','Carter','willms.freida@example.org','1'),
('123','Jamarcus','Lynch','bernita89@example.net','292919'),
('124','Domenick','Windler','kelsi63@example.com','0'),
('125','Kamille','Schamberger','franecki.velva@example.org','0'),
('126','Dejah','Nienow','flossie56@example.com','1'),
('127','Edmund','Konopelski','zboncak.pat@example.net','963'),
('128','Brennan','Wisoky','goodwin.kailee@example.org','1'),
('129','Crawford','Eichmann','sbrekke@example.org','0'),
('130','Clarabelle','Donnelly','gilbert63@example.com','0'),
('131','Noemi','Ziemann','javier74@example.net','0'),
('132','Lottie','Glover','frederik.jenkins@example.com','765'),
('133','Camron','Harvey','raymundo52@example.com','1'),
('134','Dayana','Halvorson','eloise69@example.net','5452838511'),
('135','Roosevelt','Corwin','oran97@example.net','742'),
('136','King','Gaylord','nathaniel.hand@example.net','0'),
('137','Gracie','Cronin','emmy85@example.com','14'),
('138','Vivian','Cruickshank','russ.reichert@example.org','76'),
('139','Melyna','Flatley','javon.zulauf@example.com','0'),
('140','Keaton','Ryan','bernadette.brown@example.com','1'),
('141','Jesus','Hamill','xhuel@example.org','673'),
('142','Waylon','Grady','holden60@example.com','8770440921'),
('143','Lewis','Lehner','luettgen.electa@example.org','0'),
('144','Lydia','Windler','madisen51@example.org','265036'),
('145','Madilyn','Herzog','jeff74@example.net','188'),
('146','Jarret','Auer','hlueilwitz@example.com','1'),
('147','Cyril','Rau','quitzon.brain@example.net','9540367344'),
('148','Rasheed','Murazik','fkihn@example.net','1'),
('149','Baylee','Lueilwitz','sammy29@example.com','67'),
('150','Melany','Pouros','ebailey@example.org','0'),
('151','Wendy','Eichmann','ewill@example.net','0'),
('152','Waylon','Armstrong','ybarrows@example.org','251365'),
('153','Isaiah','Cronin','torphy.lisa@example.org','784530'),
('154','Ari','Ritchie','frankie60@example.com','9590488777'),
('155','Violette','Homenick','mclaughlin.effie@example.com','952907'),
('156','Joaquin','Mosciski','tmills@example.com','451'),
('157','Brittany','Willms','hans44@example.com','1'),
('158','Roselyn','Block','brown.paxton@example.com','769'),
('159','Wendell','Bauch','christiansen.arturo@example.net','7352364845'),
('160','Esteban','Thompson','roob.zoe@example.com','0'),
('161','Reece','Beatty','della20@example.org','0'),
('162','Ward','Stark','gutkowski.fae@example.net','3335245877'),
('163','Yasmine','Hintz','jdurgan@example.org','0'),
('164','Joe','Harber','kaleb.nikolaus@example.com','59858'),
('165','Ezekiel','Johns','ziemann.anika@example.org','0'),
('166','Ervin','Fay','jakubowski.adele@example.org','1'),
('167','Landen','Watsica','hermiston.sabryna@example.com','801'),
('168','Jaylon','Windler','alvah54@example.org','0'),
('169','Dell','Schuppe','mraz.lois@example.com','1'),
('170','Magdalena','Pacocha','gwehner@example.org','897716'),
('171','Kyle','Littel','freddie.mcglynn@example.com','0'),
('172','Jo','Ondricka','austin73@example.org','1'),
('173','Leslie','Lakin','tavares11@example.org','7500099665'),
('174','Rupert','Konopelski','adaline45@example.net','0'),
('175','Clovis','Osinski','lubowitz.isabel@example.net','506'),
('176','Aron','Schmeler','jewell46@example.com','175'),
('177','Laisha','Dicki','will.teagan@example.com','879'),
('178','Isom','Hyatt','evan64@example.net','826434'),
('179','Lelah','Ratke','cmetz@example.org','96'),
('180','Verla','Borer','ondricka.cleo@example.org','7886013105'),
('181','Lisa','Ward','bo.rolfson@example.org','0'),
('182','Julius','Bogan','ybradtke@example.com','18691'),
('183','Maverick','Boyle','juana28@example.com','0'),
('184','Kayla','Jones','ledner.brycen@example.com','0'),
('185','Caroline','Mueller','mia.trantow@example.net','1'),
('186','Norval','Heaney','fkunze@example.org','8475037086'),
('187','Enrico','Gislason','o\'connell.elisabeth@example.com','1'),
('188','Katlyn','Dibbert','nora96@example.net','423'),
('189','Jany','Bauch','modesta.beahan@example.net','0'),
('190','Carmen','Pacocha','lschaefer@example.org','0'),
('191','Stephen','Miller','gottlieb.marilou@example.com','630619'),
('192','Billy','Reynolds','dorcas.ankunding@example.org','4568610534'),
('193','Madison','Mills','willa.becker@example.com','1'),
('194','Jennie','Pouros','freilly@example.com','729'),
('195','Magali','Hirthe','strosin.nettie@example.com','1'),
('196','Hanna','Feil','sbechtelar@example.com','0'),
('197','Destinee','O\'Kon','ywest@example.net','81'),
('198','Johnson','Durgan','obrekke@example.org','0'),
('199','Clement','Schimmel','elsa11@example.net','0'),
('200','Gaston','Cassin','jon74@example.net','268031'),
('201','Horacio','Lueilwitz','pkozey@example.com','1'),
('202','Lincoln','Hermiston','ward.flavio@example.com','840'),
('203','Kasandra','Brown','bstreich@example.com','0'),
('204','Trevion','McClure','ellis70@example.org','0'),
('205','Garret','Langworth','elsa.fay@example.org','0'),
('206','Marco','Hammes','tad.connelly@example.net','30'),
('207','Liliane','Simonis','abe60@example.org','1'),
('208','Maximo','Mraz','rollin80@example.org','0'),
('209','Estrella','Feest','jessica.hettinger@example.org','0'),
('210','Marianna','Goldner','freda26@example.org','332'),
('211','Elna','Fahey','alyson.hoppe@example.com','299'),
('212','Zander','Robel','thirthe@example.org','782'),
('213','Adeline','Gorczany','ochamplin@example.net','0'),
('214','Gregoria','Swaniawski','marcelle.ritchie@example.net','0'),
('215','Michele','Zboncak','berge.edwina@example.com','8670299815'),
('216','Felicity','Bartell','hammes.ressie@example.net','32655'),
('217','Joaquin','Walker','earl.schmidt@example.net','1'),
('218','Walton','Bartoletti','ozboncak@example.net','16'),
('219','Lucius','Cummerata','jaclyn.bernhard@example.net','15553'),
('220','Marques','Schamberger','will.hermina@example.org','91'),
('221','Keira','Skiles','glover.rhiannon@example.com','450808'),
('222','Spencer','Okuneva','connelly.fausto@example.net','1'),
('223','Orpha','Torp','hal.kiehn@example.net','271777'),
('224','Jeanette','Swift','gmraz@example.com','1'),
('225','Jamey','Dickens','fkemmer@example.org','0'),
('226','Kira','Schuppe','kaitlin.hills@example.org','1'),
('227','Zoe','Larson','howard.wolf@example.net','6'),
('228','Talia','Sipes','osinski.yesenia@example.org','874769'),
('229','Magdalen','Wunsch','orlando21@example.com','218909'),
('230','Astrid','Prosacco','armstrong.haleigh@example.com','99'),
('231','Janiya','Schaden','pmorissette@example.net','0'),
('232','Gianni','Dietrich','edyth98@example.org','520650529'),
('233','Jailyn','Douglas','gryan@example.org','0'),
('234','Kattie','Schiller','grady.kendra@example.com','1'),
('235','Josiane','Quitzon','tyrell.o\'kon@example.org','766806'),
('236','Solon','Dietrich','max43@example.net','0'),
('237','Brennon','Donnelly','zklocko@example.com','209'),
('238','Samantha','Lakin','hobart20@example.com','0'),
('239','Leta','Heller','daugherty.halie@example.com','33'),
('240','Tyreek','Botsford','elisa.botsford@example.org','96'),
('241','Mitchel','Kiehn','leuschke.owen@example.org','27'),
('242','Virgie','Ruecker','qlynch@example.net','960823'),
('243','Davin','Pouros','osborne.tillman@example.com','0'),
('244','Joannie','Doyle','pcollins@example.net','1'),
('245','Brennan','Walsh','eugenia72@example.net','710'),
('246','Cielo','Beatty','fannie67@example.org','895'),
('247','Alanna','Stokes','kaycee.hermann@example.com','962'),
('248','Rosie','Howell','marjolaine87@example.com','362681'),
('249','Jarred','Zboncak','olson.ramiro@example.org','885'),
('250','Raleigh','West','zboncak.matt@example.com','2061'),
('251','Mabel','Torphy','izabella34@example.org','728'),
('252','Gaetano','Kutch','macejkovic.chester@example.net','723'),
('253','Ima','Stehr','eichmann.kayden@example.org','554542'),
('254','April','Aufderhar','lucius86@example.net','1'),
('255','Emmet','Glover','dedric10@example.org','0'),
('256','Helen','Rogahn','verlie57@example.org','1'),
('257','Blanche','Mraz','bode.ellsworth@example.org','0'),
('258','Daphney','Lindgren','haag.marta@example.net','1'),
('259','Jedediah','Hettinger','hamill.else@example.com','61'),
('260','Derrick','Smitham','hilll.stephania@example.org','1'),
('261','Tatum','Schumm','robyn.hilpert@example.org','1'),
('262','Precious','Pfannerstill','zemlak.henderson@example.net','870904'),
('263','Barbara','Davis','kennith34@example.net','1'),
('264','Jerry','Blick','maxine.zulauf@example.com','8737538203'),
('265','Daphnee','Okuneva','gorczany.erwin@example.com','376467'),
('266','Kacie','Cartwright','lorenz29@example.org','3102510368'),
('267','Freeda','Johns','hansen.murl@example.com','827008'),
('268','Coby','Barton','audie.breitenberg@example.org','1'),
('269','Estel','Simonis','little.glennie@example.com','349496'),
('270','Krystal','Bogan','lee.lesch@example.net','0'),
('271','Talia','Kovacek','stark.stone@example.org','445324'),
('272','Adolph','Bartell','hkub@example.org','577'),
('273','Sadye','Satterfield','hessel.celestine@example.com','101'),
('274','Florida','Blick','qarmstrong@example.com','0'),
('275','Jessy','Skiles','reginald66@example.net','0'),
('276','Elvis','Heller','maverick.ullrich@example.net','598884'),
('277','Elise','Cartwright','karina45@example.org','287'),
('278','Therese','Gorczany','judson.will@example.org','979225'),
('279','Gerson','Heaney','mozelle.bruen@example.net','1'),
('280','Alfonzo','Armstrong','maiya37@example.org','1'),
('281','Estefania','Reichert','bulah.huels@example.net','460515'),
('282','Addie','Beahan','lynch.darron@example.net','448765'),
('283','Lia','Considine','piper18@example.com','9203912777'),
('284','Daniela','Tillman','lzboncak@example.com','0'),
('285','Alvina','Dibbert','sauer.lucile@example.org','593'),
('286','Marcus','Volkman','destany.murphy@example.com','6669949249'),
('287','Ila','Cronin','mclaughlin.bert@example.net','63'),
('288','Pasquale','Keebler','powlowski.ashlynn@example.com','1'),
('289','Fritz','Herzog','vonrueden.connor@example.com','899176'),
('290','Winifred','Terry','jacklyn37@example.org','0'),
('291','Karianne','Stokes','lesch.amalia@example.org','732542'),
('292','Easter','Dietrich','daphney.block@example.net','9674485584'),
('293','Kiley','Lowe','llowe@example.org','551550'),
('294','Elias','Lynch','ueffertz@example.net','112'),
('295','Estelle','McKenzie','dalton50@example.net','418744'),
('296','Leonora','Donnelly','terry.darrell@example.net','925792'),
('297','Raegan','Heller','salvatore.bruen@example.com','483'),
('298','Marguerite','Mann','ray35@example.net','0'),
('299','Ricky','D\'Amore','yrunolfsdottir@example.com','0'),
('300','Jeanne','Keeling','tyree.leffler@example.net','1'),
('301','Hoyt','Klocko','frami.lura@example.com','1'),
('302','Dorothea','Hauck','brohan@example.net','145'),
('303','Giovani','Mitchell','lwatsica@example.net','465893'),
('304','Shirley','Watsica','guido94@example.org','0'),
('305','Bernita','Lakin','king.lorine@example.net','0'),
('306','Jazlyn','Hoeger','nyah54@example.com','1'),
('307','Enos','Trantow','nienow.emmett@example.com','1'),
('308','Nicklaus','Heathcote','jeanie.morissette@example.com','629'),
('309','April','Heidenreich','hane.sonya@example.com','277749'),
('310','Burnice','Schamberger','blanca.anderson@example.net','558656'),
('311','Evans','Gutkowski','carroll.harvey@example.net','71'),
('312','Savanna','Little','dagmar.feest@example.com','351'),
('313','Elouise','Schinner','rigoberto.bailey@example.com','55770'),
('314','Coralie','Mosciski','hmohr@example.org','879'),
('315','Milan','Lynch','smonahan@example.com','622139'),
('316','Ernesto','Hane','west.kamron@example.com','1'),
('317','Jack','Hand','cali.goldner@example.net','0'),
('318','Rhianna','Hermann','marcelle.schaden@example.com','1'),
('319','Arvilla','Schowalter','willow.halvorson@example.net','9440311125'),
('320','Ryleigh','Cruickshank','borer.carey@example.org','74'),
('321','Arne','Ritchie','sanford02@example.com','53'),
('322','Brianne','Macejkovic','rstracke@example.com','358112'),
('323','Monroe','Moen','shaun.howell@example.net','1'),
('324','Velva','Okuneva','mable15@example.org','0'),
('325','Isaac','Hermiston','amanda.heaney@example.com','0'),
('326','Alexander','Farrell','tressa.koss@example.com','693124'),
('327','Brody','McDermott','smith.vallie@example.org','4809075330'),
('328','Damaris','Mayert','gdubuque@example.com','840'),
('329','Ray','Harber','landen.stehr@example.org','1'),
('330','Ericka','Herman','xnikolaus@example.net','1'),
('331','Lexie','Bailey','brett93@example.net','25'),
('332','Precious','Nolan','miller.fleta@example.com','266'),
('333','Kelton','Hane','terrance81@example.org','872753'),
('334','Barbara','Schimmel','lcronin@example.com','0'),
('335','Rhianna','Schuster','gottlieb.carmine@example.com','0'),
('336','Helmer','Koelpin','marisol.hettinger@example.org','375561'),
('337','Camren','Will','wiza.laurence@example.net','637236'),
('338','Maud','Bartell','toy.kelly@example.org','492'),
('339','Adah','Osinski','orion.gusikowski@example.org','0'),
('340','Crystel','Leuschke','connelly.helga@example.org','23'),
('341','Jessika','McDermott','meda.kirlin@example.com','96'),
('342','Krystel','Flatley','ajohnson@example.net','3605290502'),
('343','Helena','Hagenes','harvey.kevin@example.org','68'),
('344','Sandra','Gibson','caleb92@example.net','6444528077'),
('345','Tomas','Lesch','stephen.luettgen@example.com','1'),
('346','Lauriane','Conn','turner.linnea@example.com','571957'),
('347','Kiley','Schoen','ona.mcclure@example.com','0'),
('348','Sid','O\'Hara','kuphal.elza@example.net','0'),
('349','Kayden','Cassin','estrella.feil@example.org','1'),
('350','Derrick','Maggio','pouros.serenity@example.org','0'),
('351','Breanne','Corwin','kiarra00@example.com','76'),
('352','Jaleel','Schuppe','epowlowski@example.com','631154'),
('353','Bernhard','Dooley','doyle.graciela@example.org','78'),
('354','Ethyl','Weissnat','maureen.kreiger@example.net','864'),
('355','Toney','Kutch','elian91@example.net','1'),
('356','Pete','Hansen','eveline.king@example.org','111903'),
('357','Hanna','Kohler','nharvey@example.org','0'),
('358','Christine','Herman','hagenes.marianne@example.org','693'),
('359','Odell','Dickinson','roob.dorian@example.org','333'),
('360','Jayson','Williamson','haylie15@example.com','765'),
('361','Rodrigo','Ebert','pluettgen@example.com','1305468569'),
('362','Bonita','Flatley','roselyn.ferry@example.com','1'),
('363','Adela','Hessel','prosacco.jeanne@example.net','1'),
('364','Sunny','Lockman','ardith.wilkinson@example.org','1'),
('365','Brandt','Lowe','weston.walker@example.org','1'),
('366','Agnes','Kertzmann','adaline95@example.net','365'),
('367','Zaria','Fay','nkirlin@example.net','639'),
('368','Adonis','Champlin','cbartoletti@example.org','0'),
('369','Wilfredo','White','eloy60@example.net','0'),
('370','Edyth','Christiansen','qboehm@example.com','1'),
('371','Dayna','Blanda','madaline45@example.net','0'),
('372','Maiya','Block','caleb70@example.org','87'),
('373','Jayme','Kunze','karolann.ernser@example.com','1'),
('374','Rocky','Kautzer','kleffler@example.com','798639'),
('375','Carson','Armstrong','zlegros@example.net','1'),
('376','Delores','Hudson','rice.ronaldo@example.com','49'),
('377','Charlene','Kilback','ygreenfelder@example.net','0'),
('378','Nakia','Haag','gberge@example.com','463'),
('379','Aletha','Schneider','mcrist@example.net','798515'),
('380','Kathleen','Treutel','tkemmer@example.com','7900417454'),
('381','Fermin','Prohaska','parker.darrell@example.org','795'),
('382','Aglae','Johnson','sydney68@example.net','688856'),
('383','Jeanne','Roob','ryley.mclaughlin@example.com','160'),
('384','Mollie','Berge','vbeier@example.net','2'),
('385','Rosario','O\'Connell','emurazik@example.net','652'),
('386','Emerson','Stracke','clementina.nolan@example.org','202'),
('387','Nelle','Armstrong','cartwright.velma@example.net','0'),
('388','Santos','Thiel','alysa48@example.org','1'),
('389','Patricia','Raynor','kerluke.jamison@example.net','1'),
('390','Marquis','Rempel','zoey.leffler@example.org','262748'),
('391','Brooke','Wilderman','tbednar@example.com','899'),
('392','Lincoln','Champlin','heidenreich.edythe@example.net','1'),
('393','Alexandra','Halvorson','randerson@example.net','0'),
('394','Katarina','Koepp','oebert@example.com','984'),
('395','Cleveland','Carroll','hillary.casper@example.com','86'),
('396','Tess','Roob','aditya24@example.net','1'),
('397','Tyreek','Donnelly','wehner.hunter@example.net','1'),
('398','Meagan','Koepp','welch.bruce@example.net','672'),
('399','Zoe','Rippin','shemar80@example.org','716991'),
('400','Augusta','Lockman','tyreek37@example.net','437'),
('401','Derek','Kemmer','ymckenzie@example.com','0'),
('402','Aaliyah','Vandervort','senger.gertrude@example.org','6572052585'),
('403','Jayce','Goyette','benedict30@example.org','852'),
('404','Dallas','Watsica','monroe41@example.org','0'),
('405','Madyson','Jakubowski','angelina03@example.net','792262'),
('406','Elyse','Boyle','ucorwin@example.com','1'),
('407','Jaleel','Streich','ccole@example.com','879'),
('408','Terry','Walker','zschmeler@example.org','0'),
('409','Liliana','Gulgowski','makenzie09@example.net','0'),
('410','Deondre','Auer','lang.emilia@example.net','1'),
('411','Stacey','Carroll','wanda38@example.net','277'),
('412','Lizzie','Zulauf','ewald04@example.com','40'),
('413','Agustin','Reichert','jweber@example.net','115'),
('414','Lurline','Okuneva','tadams@example.org','618'),
('415','Desiree','Wiza','corine30@example.net','0'),
('416','Jordy','Bayer','kub.aaliyah@example.com','1'),
('417','Curt','Bogan','fisher.johanna@example.org','972033529'),
('418','Davin','Conn','schultz.dexter@example.com','1'),
('419','Liliane','Kertzmann','christopher.marquardt@example.net','371'),
('420','Vicenta','Buckridge','yasmin32@example.net','61'),
('421','Cydney','Stark','gerlach.casimir@example.com','380'),
('422','Shirley','Hodkiewicz','hfritsch@example.net','1'),
('423','Walker','Bartell','aditya.kub@example.com','519'),
('424','Elna','Herzog','roberto.jacobs@example.com','0'),
('425','Lacey','Greenfelder','adrienne77@example.net','0'),
('426','Tatyana','Toy','hklein@example.com','406'),
('427','Dwight','Herman','goyette.vickie@example.net','163'),
('428','Jameson','Romaguera','rahul22@example.org','1'),
('429','Blake','Zemlak','sedrick64@example.com','381'),
('430','Elissa','Kozey','jared56@example.net','0'),
('431','Roberta','Trantow','geo12@example.com','886984533'),
('432','Remington','Renner','cummerata.hulda@example.org','0'),
('433','Erin','Schmidt','bogan.irwin@example.net','326'),
('434','Kimberly','Beatty','helga46@example.org','938644'),
('435','Elizabeth','Pollich','khalil.conroy@example.net','1'),
('436','Emmett','Batz','pagac.buster@example.org','705'),
('437','Joesph','Douglas','earl.turner@example.org','1'),
('438','Marta','Swaniawski','weber.karianne@example.net','0'),
('439','Ryann','Weissnat','mac.bogisich@example.com','223969'),
('440','Tad','Gottlieb','leuschke.maureen@example.com','454099'),
('441','Sheridan','Haley','merritt16@example.net','1'),
('442','Ryann','Ebert','jast.dusty@example.org','658'),
('443','Michaela','Skiles','izaiah94@example.net','0'),
('444','Alda','Veum','sbartell@example.com','10'),
('445','Nat','Mills','zemlak.spencer@example.net','0'),
('446','Shana','Yost','mohr.ryann@example.org','97'),
('447','Moises','Rosenbaum','grimes.emelia@example.net','579281'),
('448','Hermann','Glover','lenora.pacocha@example.org','1'),
('449','Franz','Schmeler','kale.hessel@example.net','446'),
('450','Bell','Bosco','wisoky.mary@example.com','60'),
('451','Chesley','Balistreri','mohr.bella@example.net','110'),
('452','Tito','Rath','wgislason@example.org','99'),
('453','Eli','Lynch','mkessler@example.com','1'),
('454','Juwan','Gulgowski','oberbrunner.brando@example.net','217'),
('455','Estella','Braun','dina.stark@example.org','352'),
('456','Carlos','Kuhn','wanda35@example.com','47'),
('457','Hildegard','Hansen','xeichmann@example.org','1'),
('458','Addison','Abbott','bill.schinner@example.com','0'),
('459','Major','Cruickshank','lhickle@example.net','273'),
('460','Ava','Cronin','mcdermott.bertrand@example.com','0'),
('461','Pinkie','McLaughlin','hschulist@example.com','947770'),
('462','Demetris','Crist','equigley@example.net','1'),
('463','Jessica','Kozey','gjohnston@example.org','1'),
('464','Jodie','Blick','parisian.lance@example.com','0'),
('465','Dillan','Wyman','douglas.jayde@example.net','1'),
('466','Ramona','Eichmann','ztoy@example.org','457'),
('467','Jimmie','Ferry','juanita.keeling@example.org','0'),
('468','Jeromy','Lemke','krista.donnelly@example.com','0'),
('469','Elroy','Kovacek','roberts.floyd@example.net','462184'),
('470','Adolfo','Herman','judah65@example.org','103546'),
('471','Jamie','Ledner','amara.bartell@example.net','752233'),
('472','Richard','Parker','ibarton@example.net','3351505889'),
('473','Thaddeus','Gerlach','auer.sarai@example.org','1'),
('474','Antwon','Gottlieb','omari61@example.net','6554'),
('475','Alice','Dickens','mikel13@example.org','1'),
('476','Bradford','Greenholt','anderson.megane@example.net','1'),
('477','Noemy','Runolfsson','lyda60@example.net','123'),
('478','Gail','Miller','ndare@example.org','0'),
('479','Orlando','McLaughlin','gulgowski.stephanie@example.net','234'),
('480','Shane','Lind','spinka.thea@example.org','1'),
('481','Kaden','Nitzsche','kovacek.braden@example.org','0'),
('482','Kassandra','Hand','elijah.gleichner@example.org','539'),
('483','Pablo','Bechtelar','shea.kerluke@example.net','1'),
('484','Kenyon','Hudson','princess.schimmel@example.net','1'),
('485','Irma','Abernathy','nkoch@example.com','927020'),
('486','Royce','Jerde','xgleason@example.org','631746'),
('487','Letha','Waelchi','erdman.katlynn@example.com','6299742355'),
('488','Cali','Wyman','lbartoletti@example.net','183080'),
('489','Gonzalo','Casper','eladio.huels@example.org','1'),
('490','Roosevelt','Paucek','augustine.reichert@example.org','4060074089'),
('491','Adah','Braun','collier.pearlie@example.net','2401923670'),
('492','Howell','Moore','brett.hyatt@example.com','430994'),
('493','Benedict','Bergnaum','jones.murray@example.org','1'),
('494','Reanna','Senger','brycen62@example.org','620938'),
('495','Kenyatta','Wunsch','czemlak@example.net','0'),
('496','Kaci','Hilll','hahn.catalina@example.com','8718795129'),
('497','Freddy','Funk','renner.scotty@example.org','1'),
('498','Abdullah','O\'Kon','gabrielle41@example.net','580'),
('499','Eldridge','Steuber','kyla00@example.com','0'),
('500','Kayleigh','Spinka','odie01@example.com','274'); 


DROP TABLE IF EXISTS `users_communities`;
CREATE TABLE `users_communities` (
  `user_id` bigint(20) unsigned NOT NULL,
  `community_id` bigint(20) unsigned NOT NULL,
  PRIMARY KEY (`user_id`,`community_id`),
  KEY `community_id` (`community_id`),
  CONSTRAINT `users_communities_ibfk_1` FOREIGN KEY (`user_id`) REFERENCES `users` (`id`),
  CONSTRAINT `users_communities_ibfk_2` FOREIGN KEY (`community_id`) REFERENCES `communities` (`id`)
) ENGINE=InnoDB DEFAULT CHARSET=utf8 COLLATE=utf8_unicode_ci;

INSERT INTO `users_communities` VALUES ('1','273'),
('2','108'),
('2','149'),
('3','20'),
('6','58'),
('9','28'),
('9','60'),
('10','142'),
('10','154'),
('10','276'),
('12','165'),
('12','194'),
('14','58'),
('15','61'),
('16','105'),
('17','137'),
('18','62'),
('18','252'),
('19','110'),
('21','46'),
('21','204'),
('21','234'),
('22','8'),
('22','110'),
('23','84'),
('23','176'),
('24','33'),
('24','266'),
('25','227'),
('25','299'),
('26','158'),
('27','163'),
('27','223'),
('28','168'),
('29','217'),
('29','280'),
('30','165'),
('32','120'),
('32','265'),
('33','78'),
('34','62'),
('35','20'),
('36','4'),
('38','88'),
('38','94'),
('40','42'),
('41','204'),
('42','254'),
('45','207'),
('46','187'),
('46','211'),
('47','5'),
('47','137'),
('48','95'),
('50','110'),
('51','255'),
('52','3'),
('52','42'),
('52','284'),
('53','71'),
('57','183'),
('57','223'),
('58','134'),
('58','195'),
('59','158'),
('59','278'),
('62','2'),
('62','190'),
('62','247'),
('63','76'),
('64','23'),
('67','131'),
('68','117'),
('68','255'),
('69','44'),
('69','136'),
('71','197'),
('72','40'),
('73','8'),
('73','267'),
('77','109'),
('77','211'),
('79','123'),
('81','40'),
('81','47'),
('81','163'),
('82','35'),
('82','160'),
('82','200'),
('83','39'),
('83','195'),
('84','105'),
('84','277'),
('86','19'),
('86','61'),
('86','165'),
('86','287'),
('87','43'),
('87','59'),
('87','147'),
('87','268'),
('88','158'),
('88','168'),
('88','263'),
('89','48'),
('90','251'),
('91','171'),
('91','183'),
('91','222'),
('93','268'),
('94','289'),
('95','13'),
('95','43'),
('95','181'),
('95','254'),
('96','42'),
('97','4'),
('97','136'),
('97','246'),
('97','264'),
('98','25'),
('99','14'),
('99','236'),
('99','284'),
('100','185'),
('101','300'),
('102','159'),
('103','13'),
('103','267'),
('105','81'),
('105','126'),
('106','57'),
('106','237'),
('106','251'),
('107','42'),
('107','233'),
('109','161'),
('109','283'),
('111','196'),
('112','96'),
('113','202'),
('114','252'),
('118','100'),
('118','128'),
('119','36'),
('119','262'),
('120','57'),
('120','195'),
('121','160'),
('122','123'),
('122','267'),
('123','135'),
('124','24'),
('124','29'),
('125','108'),
('125','135'),
('126','151'),
('127','54'),
('127','176'),
('127','225'),
('128','165'),
('129','72'),
('129','158'),
('129','257'),
('130','77'),
('131','77'),
('131','212'),
('132','14'),
('133','286'),
('134','3'),
('134','278'),
('135','54'),
('136','186'),
('138','28'),
('138','191'),
('139','38'),
('140','38'),
('140','55'),
('141','152'),
('142','101'),
('144','85'),
('146','22'),
('148','118'),
('149','79'),
('150','19'),
('150','42'),
('150','88'),
('150','171'),
('151','279'),
('153','39'),
('153','115'),
('156','3'),
('156','221'),
('156','279'),
('157','5'),
('157','196'),
('158','248'),
('159','96'),
('159','125'),
('159','274'),
('160','251'),
('160','263'),
('161','169'),
('161','273'),
('163','17'),
('163','70'),
('165','195'),
('166','230'),
('166','273'),
('167','10'),
('167','120'),
('167','206'),
('167','228'),
('168','198'),
('169','103'),
('169','211'),
('171','173'),
('171','276'),
('172','47'),
('174','29'),
('174','116'),
('175','83'),
('176','50'),
('176','132'),
('176','236'),
('179','41'),
('180','267'),
('183','76'),
('183','228'),
('186','44'),
('186','209'),
('186','218'),
('187','81'),
('187','93'),
('187','235'),
('188','138'),
('189','52'),
('189','131'),
('189','230'),
('190','113'),
('190','236'),
('191','72'),
('191','299'),
('192','199'),
('192','235'),
('193','65'),
('195','53'),
('196','11'),
('196','195'),
('196','243'),
('197','28'),
('198','20'),
('198','44'),
('198','76'),
('199','186'),
('199','217'),
('200','41'),
('201','44'),
('202','107'),
('202','277'),
('203','141'),
('203','213'),
('204','168'),
('204','218'),
('205','66'),
('206','28'),
('206','182'),
('208','12'),
('211','261'),
('212','69'),
('212','109'),
('213','174'),
('215','67'),
('215','122'),
('215','189'),
('216','149'),
('217','199'),
('219','14'),
('220','282'),
('220','287'),
('221','19'),
('222','19'),
('222','88'),
('223','128'),
('225','19'),
('225','115'),
('225','192'),
('227','249'),
('229','6'),
('229','176'),
('229','207'),
('231','92'),
('232','115'),
('234','121'),
('234','155'),
('238','296'),
('240','214'),
('242','1'),
('242','85'),
('244','66'),
('244','146'),
('247','101'),
('248','73'),
('248','105'),
('248','112'),
('248','265'),
('249','269'),
('250','200'),
('250','252'),
('251','279'),
('255','26'),
('255','60'),
('255','204'),
('257','113'),
('258','17'),
('258','26'),
('259','35'),
('259','240'),
('260','83'),
('264','13'),
('264','45'),
('266','239'),
('269','122'),
('271','121'),
('272','117'),
('272','271'),
('272','300'),
('273','112'),
('273','276'),
('274','260'),
('274','284'),
('277','76'),
('277','152'),
('277','182'),
('278','172'),
('279','176'),
('280','110'),
('282','93'),
('282','183'),
('283','116'),
('283','283'),
('285','231'),
('286','107'),
('286','114'),
('288','208'),
('288','278'),
('289','24'),
('289','50'),
('289','81'),
('289','281'),
('290','2'),
('290','172'),
('291','155'),
('293','49'),
('293','133'),
('293','235'),
('294','167'),
('295','135'),
('295','263'),
('297','212'),
('298','102'),
('298','152'),
('300','52'),
('301','196'),
('304','126'),
('304','267'),
('305','71'),
('305','161'),
('307','191'),
('307','286'),
('308','15'),
('309','10'),
('309','228'),
('310','258'),
('311','8'),
('311','164'),
('312','149'),
('312','173'),
('313','22'),
('314','249'),
('315','13'),
('315','246'),
('315','282'),
('317','120'),
('317','195'),
('318','29'),
('318','185'),
('319','11'),
('319','37'),
('319','138'),
('319','205'),
('319','236'),
('319','249'),
('320','40'),
('321','169'),
('322','43'),
('325','96'),
('326','95'),
('326','114'),
('327','85'),
('327','112'),
('327','207'),
('327','238'),
('328','152'),
('328','167'),
('328','192'),
('329','254'),
('331','134'),
('331','169'),
('332','40'),
('333','287'),
('334','219'),
('335','95'),
('336','66'),
('336','285'),
('342','53'),
('342','61'),
('342','66'),
('342','125'),
('342','161'),
('342','190'),
('343','84'),
('344','23'),
('344','56'),
('344','172'),
('346','4'),
('346','213'),
('347','243'),
('348','146'),
('348','201'),
('352','113'),
('352','214'),
('353','6'),
('354','58'),
('354','80'),
('356','256'),
('357','42'),
('357','204'),
('358','25'),
('360','176'),
('362','70'),
('365','11'),
('366','114'),
('366','190'),
('366','210'),
('368','17'),
('368','72'),
('368','262'),
('369','26'),
('369','263'),
('372','145'),
('373','111'),
('374','30'),
('376','84'),
('377','269'),
('379','55'),
('379','114'),
('379','127'),
('379','144'),
('381','71'),
('381','294'),
('382','282'),
('385','44'),
('385','49'),
('385','202'),
('387','100'),
('387','129'),
('387','270'),
('387','279'),
('390','57'),
('391','240'),
('394','23'),
('396','123'),
('396','162'),
('396','198'),
('396','221'),
('397','245'),
('398','44'),
('398','198'),
('401','76'),
('402','84'),
('402','123'),
('405','101'),
('406','200'),
('407','291'),
('409','300'),
('410','21'),
('412','283'),
('413','46'),
('413','280'),
('415','96'),
('415','191'),
('416','274'),
('418','16'),
('418','99'),
('418','230'),
('418','275'),
('419','205'),
('420','235'),
('421','226'),
('424','253'),
('425','42'),
('426','208'),
('427','25'),
('427','106'),
('427','182'),
('428','39'),
('429','66'),
('429','278'),
('430','144'),
('431','72'),
('432','77'),
('433','148'),
('433','284'),
('435','2'),
('435','126'),
('435','151'),
('435','229'),
('436','184'),
('436','235'),
('437','139'),
('437','256'),
('439','137'),
('441','131'),
('441','264'),
('441','298'),
('443','239'),
('444','120'),
('444','161'),
('444','250'),
('445','26'),
('445','128'),
('445','278'),
('448','59'),
('448','277'),
('451','135'),
('452','4'),
('452','126'),
('452','191'),
('453','87'),
('453','204'),
('454','78'),
('457','32'),
('460','57'),
('460','230'),
('461','122'),
('461','144'),
('461','298'),
('463','185'),
('464','237'),
('465','55'),
('465','123'),
('465','196'),
('465','238'),
('467','121'),
('469','140'),
('469','225'),
('470','70'),
('473','264'),
('474','180'),
('475','49'),
('475','64'),
('475','253'),
('479','284'),
('480','92'),
('481','162'),
('482','18'),
('482','95'),
('482','127'),
('482','138'),
('482','175'),
('482','204'),
('483','95'),
('483','237'),
('484','284'),
('485','143'),
('486','56'),
('488','40'),
('488','167'),
('489','90'),
('489','137'),
('490','44'),
('490','56'),
('492','151'),
('492','155'),
('493','27'),
('493','46'),
('493','220'),
('494','68'),
('495','78'),
('496','62'),
('496','155'),
('496','221'),
('498','15'),
('499','2'),
('499','68'),
('499','76'),
('499','127'),
('499','183'),
('500','20'); 




/*!40101 SET SQL_MODE=@OLD_SQL_MODE */;
/*!40014 SET FOREIGN_KEY_CHECKS=@OLD_FOREIGN_KEY_CHECKS */;
/*!40014 SET UNIQUE_CHECKS=@OLD_UNIQUE_CHECKS */;
/*!40101 SET CHARACTER_SET_CLIENT=@OLD_CHARACTER_SET_CLIENT */;
/*!40101 SET CHARACTER_SET_RESULTS=@OLD_CHARACTER_SET_RESULTS */;
/*!40101 SET COLLATION_CONNECTION=@OLD_COLLATION_CONNECTION */;
/*!40111 SET SQL_NOTES=@OLD_SQL_NOTES */;

